# partition_priv_2sweep_4096 — generated by gen_traces.py
# port,rw,addr,size,delay
0,R,0x80000000,4,200
0,R,0x80000040,4,200
0,R,0x80000080,4,200
0,R,0x800000c0,4,200
0,R,0x80000100,4,200
0,R,0x80000140,4,200
0,R,0x80000180,4,200
0,R,0x800001c0,4,200
0,R,0x80000200,4,200
0,R,0x80000240,4,200
0,R,0x80000280,4,200
0,R,0x800002c0,4,200
0,R,0x80000300,4,200
0,R,0x80000340,4,200
0,R,0x80000380,4,200
0,R,0x800003c0,4,200
0,R,0x80000400,4,200
0,R,0x80000440,4,200
0,R,0x80000480,4,200
0,R,0x800004c0,4,200
0,R,0x80000500,4,200
0,R,0x80000540,4,200
0,R,0x80000580,4,200
0,R,0x800005c0,4,200
0,R,0x80000600,4,200
0,R,0x80000640,4,200
0,R,0x80000680,4,200
0,R,0x800006c0,4,200
0,R,0x80000700,4,200
0,R,0x80000740,4,200
0,R,0x80000780,4,200
0,R,0x800007c0,4,200
0,R,0x80000800,4,200
0,R,0x80000840,4,200
0,R,0x80000880,4,200
0,R,0x800008c0,4,200
0,R,0x80000900,4,200
0,R,0x80000940,4,200
0,R,0x80000980,4,200
0,R,0x800009c0,4,200
0,R,0x80000a00,4,200
0,R,0x80000a40,4,200
0,R,0x80000a80,4,200
0,R,0x80000ac0,4,200
0,R,0x80000b00,4,200
0,R,0x80000b40,4,200
0,R,0x80000b80,4,200
0,R,0x80000bc0,4,200
0,R,0x80000c00,4,200
0,R,0x80000c40,4,200
0,R,0x80000c80,4,200
0,R,0x80000cc0,4,200
0,R,0x80000d00,4,200
0,R,0x80000d40,4,200
0,R,0x80000d80,4,200
0,R,0x80000dc0,4,200
0,R,0x80000e00,4,200
0,R,0x80000e40,4,200
0,R,0x80000e80,4,200
0,R,0x80000ec0,4,200
0,R,0x80000f00,4,200
0,R,0x80000f40,4,200
0,R,0x80000f80,4,200
0,R,0x80000fc0,4,200
0,R,0x80001000,4,200
0,R,0x80001040,4,200
0,R,0x80001080,4,200
0,R,0x800010c0,4,200
0,R,0x80001100,4,200
0,R,0x80001140,4,200
0,R,0x80001180,4,200
0,R,0x800011c0,4,200
0,R,0x80001200,4,200
0,R,0x80001240,4,200
0,R,0x80001280,4,200
0,R,0x800012c0,4,200
0,R,0x80001300,4,200
0,R,0x80001340,4,200
0,R,0x80001380,4,200
0,R,0x800013c0,4,200
0,R,0x80001400,4,200
0,R,0x80001440,4,200
0,R,0x80001480,4,200
0,R,0x800014c0,4,200
0,R,0x80001500,4,200
0,R,0x80001540,4,200
0,R,0x80001580,4,200
0,R,0x800015c0,4,200
0,R,0x80001600,4,200
0,R,0x80001640,4,200
0,R,0x80001680,4,200
0,R,0x800016c0,4,200
0,R,0x80001700,4,200
0,R,0x80001740,4,200
0,R,0x80001780,4,200
0,R,0x800017c0,4,200
0,R,0x80001800,4,200
0,R,0x80001840,4,200
0,R,0x80001880,4,200
0,R,0x800018c0,4,200
0,R,0x80001900,4,200
0,R,0x80001940,4,200
0,R,0x80001980,4,200
0,R,0x800019c0,4,200
0,R,0x80001a00,4,200
0,R,0x80001a40,4,200
0,R,0x80001a80,4,200
0,R,0x80001ac0,4,200
0,R,0x80001b00,4,200
0,R,0x80001b40,4,200
0,R,0x80001b80,4,200
0,R,0x80001bc0,4,200
0,R,0x80001c00,4,200
0,R,0x80001c40,4,200
0,R,0x80001c80,4,200
0,R,0x80001cc0,4,200
0,R,0x80001d00,4,200
0,R,0x80001d40,4,200
0,R,0x80001d80,4,200
0,R,0x80001dc0,4,200
0,R,0x80001e00,4,200
0,R,0x80001e40,4,200
0,R,0x80001e80,4,200
0,R,0x80001ec0,4,200
0,R,0x80001f00,4,200
0,R,0x80001f40,4,200
0,R,0x80001f80,4,200
0,R,0x80001fc0,4,200
0,R,0x80002000,4,200
0,R,0x80002040,4,200
0,R,0x80002080,4,200
0,R,0x800020c0,4,200
0,R,0x80002100,4,200
0,R,0x80002140,4,200
0,R,0x80002180,4,200
0,R,0x800021c0,4,200
0,R,0x80002200,4,200
0,R,0x80002240,4,200
0,R,0x80002280,4,200
0,R,0x800022c0,4,200
0,R,0x80002300,4,200
0,R,0x80002340,4,200
0,R,0x80002380,4,200
0,R,0x800023c0,4,200
0,R,0x80002400,4,200
0,R,0x80002440,4,200
0,R,0x80002480,4,200
0,R,0x800024c0,4,200
0,R,0x80002500,4,200
0,R,0x80002540,4,200
0,R,0x80002580,4,200
0,R,0x800025c0,4,200
0,R,0x80002600,4,200
0,R,0x80002640,4,200
0,R,0x80002680,4,200
0,R,0x800026c0,4,200
0,R,0x80002700,4,200
0,R,0x80002740,4,200
0,R,0x80002780,4,200
0,R,0x800027c0,4,200
0,R,0x80002800,4,200
0,R,0x80002840,4,200
0,R,0x80002880,4,200
0,R,0x800028c0,4,200
0,R,0x80002900,4,200
0,R,0x80002940,4,200
0,R,0x80002980,4,200
0,R,0x800029c0,4,200
0,R,0x80002a00,4,200
0,R,0x80002a40,4,200
0,R,0x80002a80,4,200
0,R,0x80002ac0,4,200
0,R,0x80002b00,4,200
0,R,0x80002b40,4,200
0,R,0x80002b80,4,200
0,R,0x80002bc0,4,200
0,R,0x80002c00,4,200
0,R,0x80002c40,4,200
0,R,0x80002c80,4,200
0,R,0x80002cc0,4,200
0,R,0x80002d00,4,200
0,R,0x80002d40,4,200
0,R,0x80002d80,4,200
0,R,0x80002dc0,4,200
0,R,0x80002e00,4,200
0,R,0x80002e40,4,200
0,R,0x80002e80,4,200
0,R,0x80002ec0,4,200
0,R,0x80002f00,4,200
0,R,0x80002f40,4,200
0,R,0x80002f80,4,200
0,R,0x80002fc0,4,200
0,R,0x80003000,4,200
0,R,0x80003040,4,200
0,R,0x80003080,4,200
0,R,0x800030c0,4,200
0,R,0x80003100,4,200
0,R,0x80003140,4,200
0,R,0x80003180,4,200
0,R,0x800031c0,4,200
0,R,0x80003200,4,200
0,R,0x80003240,4,200
0,R,0x80003280,4,200
0,R,0x800032c0,4,200
0,R,0x80003300,4,200
0,R,0x80003340,4,200
0,R,0x80003380,4,200
0,R,0x800033c0,4,200
0,R,0x80003400,4,200
0,R,0x80003440,4,200
0,R,0x80003480,4,200
0,R,0x800034c0,4,200
0,R,0x80003500,4,200
0,R,0x80003540,4,200
0,R,0x80003580,4,200
0,R,0x800035c0,4,200
0,R,0x80003600,4,200
0,R,0x80003640,4,200
0,R,0x80003680,4,200
0,R,0x800036c0,4,200
0,R,0x80003700,4,200
0,R,0x80003740,4,200
0,R,0x80003780,4,200
0,R,0x800037c0,4,200
0,R,0x80003800,4,200
0,R,0x80003840,4,200
0,R,0x80003880,4,200
0,R,0x800038c0,4,200
0,R,0x80003900,4,200
0,R,0x80003940,4,200
0,R,0x80003980,4,200
0,R,0x800039c0,4,200
0,R,0x80003a00,4,200
0,R,0x80003a40,4,200
0,R,0x80003a80,4,200
0,R,0x80003ac0,4,200
0,R,0x80003b00,4,200
0,R,0x80003b40,4,200
0,R,0x80003b80,4,200
0,R,0x80003bc0,4,200
0,R,0x80003c00,4,200
0,R,0x80003c40,4,200
0,R,0x80003c80,4,200
0,R,0x80003cc0,4,200
0,R,0x80003d00,4,200
0,R,0x80003d40,4,200
0,R,0x80003d80,4,200
0,R,0x80003dc0,4,200
0,R,0x80003e00,4,200
0,R,0x80003e40,4,200
0,R,0x80003e80,4,200
0,R,0x80003ec0,4,200
0,R,0x80003f00,4,200
0,R,0x80003f40,4,200
0,R,0x80003f80,4,200
0,R,0x80003fc0,4,200
0,R,0x80004000,4,200
0,R,0x80004040,4,200
0,R,0x80004080,4,200
0,R,0x800040c0,4,200
0,R,0x80004100,4,200
0,R,0x80004140,4,200
0,R,0x80004180,4,200
0,R,0x800041c0,4,200
0,R,0x80004200,4,200
0,R,0x80004240,4,200
0,R,0x80004280,4,200
0,R,0x800042c0,4,200
0,R,0x80004300,4,200
0,R,0x80004340,4,200
0,R,0x80004380,4,200
0,R,0x800043c0,4,200
0,R,0x80004400,4,200
0,R,0x80004440,4,200
0,R,0x80004480,4,200
0,R,0x800044c0,4,200
0,R,0x80004500,4,200
0,R,0x80004540,4,200
0,R,0x80004580,4,200
0,R,0x800045c0,4,200
0,R,0x80004600,4,200
0,R,0x80004640,4,200
0,R,0x80004680,4,200
0,R,0x800046c0,4,200
0,R,0x80004700,4,200
0,R,0x80004740,4,200
0,R,0x80004780,4,200
0,R,0x800047c0,4,200
0,R,0x80004800,4,200
0,R,0x80004840,4,200
0,R,0x80004880,4,200
0,R,0x800048c0,4,200
0,R,0x80004900,4,200
0,R,0x80004940,4,200
0,R,0x80004980,4,200
0,R,0x800049c0,4,200
0,R,0x80004a00,4,200
0,R,0x80004a40,4,200
0,R,0x80004a80,4,200
0,R,0x80004ac0,4,200
0,R,0x80004b00,4,200
0,R,0x80004b40,4,200
0,R,0x80004b80,4,200
0,R,0x80004bc0,4,200
0,R,0x80004c00,4,200
0,R,0x80004c40,4,200
0,R,0x80004c80,4,200
0,R,0x80004cc0,4,200
0,R,0x80004d00,4,200
0,R,0x80004d40,4,200
0,R,0x80004d80,4,200
0,R,0x80004dc0,4,200
0,R,0x80004e00,4,200
0,R,0x80004e40,4,200
0,R,0x80004e80,4,200
0,R,0x80004ec0,4,200
0,R,0x80004f00,4,200
0,R,0x80004f40,4,200
0,R,0x80004f80,4,200
0,R,0x80004fc0,4,200
0,R,0x80005000,4,200
0,R,0x80005040,4,200
0,R,0x80005080,4,200
0,R,0x800050c0,4,200
0,R,0x80005100,4,200
0,R,0x80005140,4,200
0,R,0x80005180,4,200
0,R,0x800051c0,4,200
0,R,0x80005200,4,200
0,R,0x80005240,4,200
0,R,0x80005280,4,200
0,R,0x800052c0,4,200
0,R,0x80005300,4,200
0,R,0x80005340,4,200
0,R,0x80005380,4,200
0,R,0x800053c0,4,200
0,R,0x80005400,4,200
0,R,0x80005440,4,200
0,R,0x80005480,4,200
0,R,0x800054c0,4,200
0,R,0x80005500,4,200
0,R,0x80005540,4,200
0,R,0x80005580,4,200
0,R,0x800055c0,4,200
0,R,0x80005600,4,200
0,R,0x80005640,4,200
0,R,0x80005680,4,200
0,R,0x800056c0,4,200
0,R,0x80005700,4,200
0,R,0x80005740,4,200
0,R,0x80005780,4,200
0,R,0x800057c0,4,200
0,R,0x80005800,4,200
0,R,0x80005840,4,200
0,R,0x80005880,4,200
0,R,0x800058c0,4,200
0,R,0x80005900,4,200
0,R,0x80005940,4,200
0,R,0x80005980,4,200
0,R,0x800059c0,4,200
0,R,0x80005a00,4,200
0,R,0x80005a40,4,200
0,R,0x80005a80,4,200
0,R,0x80005ac0,4,200
0,R,0x80005b00,4,200
0,R,0x80005b40,4,200
0,R,0x80005b80,4,200
0,R,0x80005bc0,4,200
0,R,0x80005c00,4,200
0,R,0x80005c40,4,200
0,R,0x80005c80,4,200
0,R,0x80005cc0,4,200
0,R,0x80005d00,4,200
0,R,0x80005d40,4,200
0,R,0x80005d80,4,200
0,R,0x80005dc0,4,200
0,R,0x80005e00,4,200
0,R,0x80005e40,4,200
0,R,0x80005e80,4,200
0,R,0x80005ec0,4,200
0,R,0x80005f00,4,200
0,R,0x80005f40,4,200
0,R,0x80005f80,4,200
0,R,0x80005fc0,4,200
0,R,0x80006000,4,200
0,R,0x80006040,4,200
0,R,0x80006080,4,200
0,R,0x800060c0,4,200
0,R,0x80006100,4,200
0,R,0x80006140,4,200
0,R,0x80006180,4,200
0,R,0x800061c0,4,200
0,R,0x80006200,4,200
0,R,0x80006240,4,200
0,R,0x80006280,4,200
0,R,0x800062c0,4,200
0,R,0x80006300,4,200
0,R,0x80006340,4,200
0,R,0x80006380,4,200
0,R,0x800063c0,4,200
0,R,0x80006400,4,200
0,R,0x80006440,4,200
0,R,0x80006480,4,200
0,R,0x800064c0,4,200
0,R,0x80006500,4,200
0,R,0x80006540,4,200
0,R,0x80006580,4,200
0,R,0x800065c0,4,200
0,R,0x80006600,4,200
0,R,0x80006640,4,200
0,R,0x80006680,4,200
0,R,0x800066c0,4,200
0,R,0x80006700,4,200
0,R,0x80006740,4,200
0,R,0x80006780,4,200
0,R,0x800067c0,4,200
0,R,0x80006800,4,200
0,R,0x80006840,4,200
0,R,0x80006880,4,200
0,R,0x800068c0,4,200
0,R,0x80006900,4,200
0,R,0x80006940,4,200
0,R,0x80006980,4,200
0,R,0x800069c0,4,200
0,R,0x80006a00,4,200
0,R,0x80006a40,4,200
0,R,0x80006a80,4,200
0,R,0x80006ac0,4,200
0,R,0x80006b00,4,200
0,R,0x80006b40,4,200
0,R,0x80006b80,4,200
0,R,0x80006bc0,4,200
0,R,0x80006c00,4,200
0,R,0x80006c40,4,200
0,R,0x80006c80,4,200
0,R,0x80006cc0,4,200
0,R,0x80006d00,4,200
0,R,0x80006d40,4,200
0,R,0x80006d80,4,200
0,R,0x80006dc0,4,200
0,R,0x80006e00,4,200
0,R,0x80006e40,4,200
0,R,0x80006e80,4,200
0,R,0x80006ec0,4,200
0,R,0x80006f00,4,200
0,R,0x80006f40,4,200
0,R,0x80006f80,4,200
0,R,0x80006fc0,4,200
0,R,0x80007000,4,200
0,R,0x80007040,4,200
0,R,0x80007080,4,200
0,R,0x800070c0,4,200
0,R,0x80007100,4,200
0,R,0x80007140,4,200
0,R,0x80007180,4,200
0,R,0x800071c0,4,200
0,R,0x80007200,4,200
0,R,0x80007240,4,200
0,R,0x80007280,4,200
0,R,0x800072c0,4,200
0,R,0x80007300,4,200
0,R,0x80007340,4,200
0,R,0x80007380,4,200
0,R,0x800073c0,4,200
0,R,0x80007400,4,200
0,R,0x80007440,4,200
0,R,0x80007480,4,200
0,R,0x800074c0,4,200
0,R,0x80007500,4,200
0,R,0x80007540,4,200
0,R,0x80007580,4,200
0,R,0x800075c0,4,200
0,R,0x80007600,4,200
0,R,0x80007640,4,200
0,R,0x80007680,4,200
0,R,0x800076c0,4,200
0,R,0x80007700,4,200
0,R,0x80007740,4,200
0,R,0x80007780,4,200
0,R,0x800077c0,4,200
0,R,0x80007800,4,200
0,R,0x80007840,4,200
0,R,0x80007880,4,200
0,R,0x800078c0,4,200
0,R,0x80007900,4,200
0,R,0x80007940,4,200
0,R,0x80007980,4,200
0,R,0x800079c0,4,200
0,R,0x80007a00,4,200
0,R,0x80007a40,4,200
0,R,0x80007a80,4,200
0,R,0x80007ac0,4,200
0,R,0x80007b00,4,200
0,R,0x80007b40,4,200
0,R,0x80007b80,4,200
0,R,0x80007bc0,4,200
0,R,0x80007c00,4,200
0,R,0x80007c40,4,200
0,R,0x80007c80,4,200
0,R,0x80007cc0,4,200
0,R,0x80007d00,4,200
0,R,0x80007d40,4,200
0,R,0x80007d80,4,200
0,R,0x80007dc0,4,200
0,R,0x80007e00,4,200
0,R,0x80007e40,4,200
0,R,0x80007e80,4,200
0,R,0x80007ec0,4,200
0,R,0x80007f00,4,200
0,R,0x80007f40,4,200
0,R,0x80007f80,4,200
0,R,0x80007fc0,4,200
0,R,0x80008000,4,200
0,R,0x80008040,4,200
0,R,0x80008080,4,200
0,R,0x800080c0,4,200
0,R,0x80008100,4,200
0,R,0x80008140,4,200
0,R,0x80008180,4,200
0,R,0x800081c0,4,200
0,R,0x80008200,4,200
0,R,0x80008240,4,200
0,R,0x80008280,4,200
0,R,0x800082c0,4,200
0,R,0x80008300,4,200
0,R,0x80008340,4,200
0,R,0x80008380,4,200
0,R,0x800083c0,4,200
0,R,0x80008400,4,200
0,R,0x80008440,4,200
0,R,0x80008480,4,200
0,R,0x800084c0,4,200
0,R,0x80008500,4,200
0,R,0x80008540,4,200
0,R,0x80008580,4,200
0,R,0x800085c0,4,200
0,R,0x80008600,4,200
0,R,0x80008640,4,200
0,R,0x80008680,4,200
0,R,0x800086c0,4,200
0,R,0x80008700,4,200
0,R,0x80008740,4,200
0,R,0x80008780,4,200
0,R,0x800087c0,4,200
0,R,0x80008800,4,200
0,R,0x80008840,4,200
0,R,0x80008880,4,200
0,R,0x800088c0,4,200
0,R,0x80008900,4,200
0,R,0x80008940,4,200
0,R,0x80008980,4,200
0,R,0x800089c0,4,200
0,R,0x80008a00,4,200
0,R,0x80008a40,4,200
0,R,0x80008a80,4,200
0,R,0x80008ac0,4,200
0,R,0x80008b00,4,200
0,R,0x80008b40,4,200
0,R,0x80008b80,4,200
0,R,0x80008bc0,4,200
0,R,0x80008c00,4,200
0,R,0x80008c40,4,200
0,R,0x80008c80,4,200
0,R,0x80008cc0,4,200
0,R,0x80008d00,4,200
0,R,0x80008d40,4,200
0,R,0x80008d80,4,200
0,R,0x80008dc0,4,200
0,R,0x80008e00,4,200
0,R,0x80008e40,4,200
0,R,0x80008e80,4,200
0,R,0x80008ec0,4,200
0,R,0x80008f00,4,200
0,R,0x80008f40,4,200
0,R,0x80008f80,4,200
0,R,0x80008fc0,4,200
0,R,0x80009000,4,200
0,R,0x80009040,4,200
0,R,0x80009080,4,200
0,R,0x800090c0,4,200
0,R,0x80009100,4,200
0,R,0x80009140,4,200
0,R,0x80009180,4,200
0,R,0x800091c0,4,200
0,R,0x80009200,4,200
0,R,0x80009240,4,200
0,R,0x80009280,4,200
0,R,0x800092c0,4,200
0,R,0x80009300,4,200
0,R,0x80009340,4,200
0,R,0x80009380,4,200
0,R,0x800093c0,4,200
0,R,0x80009400,4,200
0,R,0x80009440,4,200
0,R,0x80009480,4,200
0,R,0x800094c0,4,200
0,R,0x80009500,4,200
0,R,0x80009540,4,200
0,R,0x80009580,4,200
0,R,0x800095c0,4,200
0,R,0x80009600,4,200
0,R,0x80009640,4,200
0,R,0x80009680,4,200
0,R,0x800096c0,4,200
0,R,0x80009700,4,200
0,R,0x80009740,4,200
0,R,0x80009780,4,200
0,R,0x800097c0,4,200
0,R,0x80009800,4,200
0,R,0x80009840,4,200
0,R,0x80009880,4,200
0,R,0x800098c0,4,200
0,R,0x80009900,4,200
0,R,0x80009940,4,200
0,R,0x80009980,4,200
0,R,0x800099c0,4,200
0,R,0x80009a00,4,200
0,R,0x80009a40,4,200
0,R,0x80009a80,4,200
0,R,0x80009ac0,4,200
0,R,0x80009b00,4,200
0,R,0x80009b40,4,200
0,R,0x80009b80,4,200
0,R,0x80009bc0,4,200
0,R,0x80009c00,4,200
0,R,0x80009c40,4,200
0,R,0x80009c80,4,200
0,R,0x80009cc0,4,200
0,R,0x80009d00,4,200
0,R,0x80009d40,4,200
0,R,0x80009d80,4,200
0,R,0x80009dc0,4,200
0,R,0x80009e00,4,200
0,R,0x80009e40,4,200
0,R,0x80009e80,4,200
0,R,0x80009ec0,4,200
0,R,0x80009f00,4,200
0,R,0x80009f40,4,200
0,R,0x80009f80,4,200
0,R,0x80009fc0,4,200
0,R,0x8000a000,4,200
0,R,0x8000a040,4,200
0,R,0x8000a080,4,200
0,R,0x8000a0c0,4,200
0,R,0x8000a100,4,200
0,R,0x8000a140,4,200
0,R,0x8000a180,4,200
0,R,0x8000a1c0,4,200
0,R,0x8000a200,4,200
0,R,0x8000a240,4,200
0,R,0x8000a280,4,200
0,R,0x8000a2c0,4,200
0,R,0x8000a300,4,200
0,R,0x8000a340,4,200
0,R,0x8000a380,4,200
0,R,0x8000a3c0,4,200
0,R,0x8000a400,4,200
0,R,0x8000a440,4,200
0,R,0x8000a480,4,200
0,R,0x8000a4c0,4,200
0,R,0x8000a500,4,200
0,R,0x8000a540,4,200
0,R,0x8000a580,4,200
0,R,0x8000a5c0,4,200
0,R,0x8000a600,4,200
0,R,0x8000a640,4,200
0,R,0x8000a680,4,200
0,R,0x8000a6c0,4,200
0,R,0x8000a700,4,200
0,R,0x8000a740,4,200
0,R,0x8000a780,4,200
0,R,0x8000a7c0,4,200
0,R,0x8000a800,4,200
0,R,0x8000a840,4,200
0,R,0x8000a880,4,200
0,R,0x8000a8c0,4,200
0,R,0x8000a900,4,200
0,R,0x8000a940,4,200
0,R,0x8000a980,4,200
0,R,0x8000a9c0,4,200
0,R,0x8000aa00,4,200
0,R,0x8000aa40,4,200
0,R,0x8000aa80,4,200
0,R,0x8000aac0,4,200
0,R,0x8000ab00,4,200
0,R,0x8000ab40,4,200
0,R,0x8000ab80,4,200
0,R,0x8000abc0,4,200
0,R,0x8000ac00,4,200
0,R,0x8000ac40,4,200
0,R,0x8000ac80,4,200
0,R,0x8000acc0,4,200
0,R,0x8000ad00,4,200
0,R,0x8000ad40,4,200
0,R,0x8000ad80,4,200
0,R,0x8000adc0,4,200
0,R,0x8000ae00,4,200
0,R,0x8000ae40,4,200
0,R,0x8000ae80,4,200
0,R,0x8000aec0,4,200
0,R,0x8000af00,4,200
0,R,0x8000af40,4,200
0,R,0x8000af80,4,200
0,R,0x8000afc0,4,200
0,R,0x8000b000,4,200
0,R,0x8000b040,4,200
0,R,0x8000b080,4,200
0,R,0x8000b0c0,4,200
0,R,0x8000b100,4,200
0,R,0x8000b140,4,200
0,R,0x8000b180,4,200
0,R,0x8000b1c0,4,200
0,R,0x8000b200,4,200
0,R,0x8000b240,4,200
0,R,0x8000b280,4,200
0,R,0x8000b2c0,4,200
0,R,0x8000b300,4,200
0,R,0x8000b340,4,200
0,R,0x8000b380,4,200
0,R,0x8000b3c0,4,200
0,R,0x8000b400,4,200
0,R,0x8000b440,4,200
0,R,0x8000b480,4,200
0,R,0x8000b4c0,4,200
0,R,0x8000b500,4,200
0,R,0x8000b540,4,200
0,R,0x8000b580,4,200
0,R,0x8000b5c0,4,200
0,R,0x8000b600,4,200
0,R,0x8000b640,4,200
0,R,0x8000b680,4,200
0,R,0x8000b6c0,4,200
0,R,0x8000b700,4,200
0,R,0x8000b740,4,200
0,R,0x8000b780,4,200
0,R,0x8000b7c0,4,200
0,R,0x8000b800,4,200
0,R,0x8000b840,4,200
0,R,0x8000b880,4,200
0,R,0x8000b8c0,4,200
0,R,0x8000b900,4,200
0,R,0x8000b940,4,200
0,R,0x8000b980,4,200
0,R,0x8000b9c0,4,200
0,R,0x8000ba00,4,200
0,R,0x8000ba40,4,200
0,R,0x8000ba80,4,200
0,R,0x8000bac0,4,200
0,R,0x8000bb00,4,200
0,R,0x8000bb40,4,200
0,R,0x8000bb80,4,200
0,R,0x8000bbc0,4,200
0,R,0x8000bc00,4,200
0,R,0x8000bc40,4,200
0,R,0x8000bc80,4,200
0,R,0x8000bcc0,4,200
0,R,0x8000bd00,4,200
0,R,0x8000bd40,4,200
0,R,0x8000bd80,4,200
0,R,0x8000bdc0,4,200
0,R,0x8000be00,4,200
0,R,0x8000be40,4,200
0,R,0x8000be80,4,200
0,R,0x8000bec0,4,200
0,R,0x8000bf00,4,200
0,R,0x8000bf40,4,200
0,R,0x8000bf80,4,200
0,R,0x8000bfc0,4,200
0,R,0x8000c000,4,200
0,R,0x8000c040,4,200
0,R,0x8000c080,4,200
0,R,0x8000c0c0,4,200
0,R,0x8000c100,4,200
0,R,0x8000c140,4,200
0,R,0x8000c180,4,200
0,R,0x8000c1c0,4,200
0,R,0x8000c200,4,200
0,R,0x8000c240,4,200
0,R,0x8000c280,4,200
0,R,0x8000c2c0,4,200
0,R,0x8000c300,4,200
0,R,0x8000c340,4,200
0,R,0x8000c380,4,200
0,R,0x8000c3c0,4,200
0,R,0x8000c400,4,200
0,R,0x8000c440,4,200
0,R,0x8000c480,4,200
0,R,0x8000c4c0,4,200
0,R,0x8000c500,4,200
0,R,0x8000c540,4,200
0,R,0x8000c580,4,200
0,R,0x8000c5c0,4,200
0,R,0x8000c600,4,200
0,R,0x8000c640,4,200
0,R,0x8000c680,4,200
0,R,0x8000c6c0,4,200
0,R,0x8000c700,4,200
0,R,0x8000c740,4,200
0,R,0x8000c780,4,200
0,R,0x8000c7c0,4,200
0,R,0x8000c800,4,200
0,R,0x8000c840,4,200
0,R,0x8000c880,4,200
0,R,0x8000c8c0,4,200
0,R,0x8000c900,4,200
0,R,0x8000c940,4,200
0,R,0x8000c980,4,200
0,R,0x8000c9c0,4,200
0,R,0x8000ca00,4,200
0,R,0x8000ca40,4,200
0,R,0x8000ca80,4,200
0,R,0x8000cac0,4,200
0,R,0x8000cb00,4,200
0,R,0x8000cb40,4,200
0,R,0x8000cb80,4,200
0,R,0x8000cbc0,4,200
0,R,0x8000cc00,4,200
0,R,0x8000cc40,4,200
0,R,0x8000cc80,4,200
0,R,0x8000ccc0,4,200
0,R,0x8000cd00,4,200
0,R,0x8000cd40,4,200
0,R,0x8000cd80,4,200
0,R,0x8000cdc0,4,200
0,R,0x8000ce00,4,200
0,R,0x8000ce40,4,200
0,R,0x8000ce80,4,200
0,R,0x8000cec0,4,200
0,R,0x8000cf00,4,200
0,R,0x8000cf40,4,200
0,R,0x8000cf80,4,200
0,R,0x8000cfc0,4,200
0,R,0x8000d000,4,200
0,R,0x8000d040,4,200
0,R,0x8000d080,4,200
0,R,0x8000d0c0,4,200
0,R,0x8000d100,4,200
0,R,0x8000d140,4,200
0,R,0x8000d180,4,200
0,R,0x8000d1c0,4,200
0,R,0x8000d200,4,200
0,R,0x8000d240,4,200
0,R,0x8000d280,4,200
0,R,0x8000d2c0,4,200
0,R,0x8000d300,4,200
0,R,0x8000d340,4,200
0,R,0x8000d380,4,200
0,R,0x8000d3c0,4,200
0,R,0x8000d400,4,200
0,R,0x8000d440,4,200
0,R,0x8000d480,4,200
0,R,0x8000d4c0,4,200
0,R,0x8000d500,4,200
0,R,0x8000d540,4,200
0,R,0x8000d580,4,200
0,R,0x8000d5c0,4,200
0,R,0x8000d600,4,200
0,R,0x8000d640,4,200
0,R,0x8000d680,4,200
0,R,0x8000d6c0,4,200
0,R,0x8000d700,4,200
0,R,0x8000d740,4,200
0,R,0x8000d780,4,200
0,R,0x8000d7c0,4,200
0,R,0x8000d800,4,200
0,R,0x8000d840,4,200
0,R,0x8000d880,4,200
0,R,0x8000d8c0,4,200
0,R,0x8000d900,4,200
0,R,0x8000d940,4,200
0,R,0x8000d980,4,200
0,R,0x8000d9c0,4,200
0,R,0x8000da00,4,200
0,R,0x8000da40,4,200
0,R,0x8000da80,4,200
0,R,0x8000dac0,4,200
0,R,0x8000db00,4,200
0,R,0x8000db40,4,200
0,R,0x8000db80,4,200
0,R,0x8000dbc0,4,200
0,R,0x8000dc00,4,200
0,R,0x8000dc40,4,200
0,R,0x8000dc80,4,200
0,R,0x8000dcc0,4,200
0,R,0x8000dd00,4,200
0,R,0x8000dd40,4,200
0,R,0x8000dd80,4,200
0,R,0x8000ddc0,4,200
0,R,0x8000de00,4,200
0,R,0x8000de40,4,200
0,R,0x8000de80,4,200
0,R,0x8000dec0,4,200
0,R,0x8000df00,4,200
0,R,0x8000df40,4,200
0,R,0x8000df80,4,200
0,R,0x8000dfc0,4,200
0,R,0x8000e000,4,200
0,R,0x8000e040,4,200
0,R,0x8000e080,4,200
0,R,0x8000e0c0,4,200
0,R,0x8000e100,4,200
0,R,0x8000e140,4,200
0,R,0x8000e180,4,200
0,R,0x8000e1c0,4,200
0,R,0x8000e200,4,200
0,R,0x8000e240,4,200
0,R,0x8000e280,4,200
0,R,0x8000e2c0,4,200
0,R,0x8000e300,4,200
0,R,0x8000e340,4,200
0,R,0x8000e380,4,200
0,R,0x8000e3c0,4,200
0,R,0x8000e400,4,200
0,R,0x8000e440,4,200
0,R,0x8000e480,4,200
0,R,0x8000e4c0,4,200
0,R,0x8000e500,4,200
0,R,0x8000e540,4,200
0,R,0x8000e580,4,200
0,R,0x8000e5c0,4,200
0,R,0x8000e600,4,200
0,R,0x8000e640,4,200
0,R,0x8000e680,4,200
0,R,0x8000e6c0,4,200
0,R,0x8000e700,4,200
0,R,0x8000e740,4,200
0,R,0x8000e780,4,200
0,R,0x8000e7c0,4,200
0,R,0x8000e800,4,200
0,R,0x8000e840,4,200
0,R,0x8000e880,4,200
0,R,0x8000e8c0,4,200
0,R,0x8000e900,4,200
0,R,0x8000e940,4,200
0,R,0x8000e980,4,200
0,R,0x8000e9c0,4,200
0,R,0x8000ea00,4,200
0,R,0x8000ea40,4,200
0,R,0x8000ea80,4,200
0,R,0x8000eac0,4,200
0,R,0x8000eb00,4,200
0,R,0x8000eb40,4,200
0,R,0x8000eb80,4,200
0,R,0x8000ebc0,4,200
0,R,0x8000ec00,4,200
0,R,0x8000ec40,4,200
0,R,0x8000ec80,4,200
0,R,0x8000ecc0,4,200
0,R,0x8000ed00,4,200
0,R,0x8000ed40,4,200
0,R,0x8000ed80,4,200
0,R,0x8000edc0,4,200
0,R,0x8000ee00,4,200
0,R,0x8000ee40,4,200
0,R,0x8000ee80,4,200
0,R,0x8000eec0,4,200
0,R,0x8000ef00,4,200
0,R,0x8000ef40,4,200
0,R,0x8000ef80,4,200
0,R,0x8000efc0,4,200
0,R,0x8000f000,4,200
0,R,0x8000f040,4,200
0,R,0x8000f080,4,200
0,R,0x8000f0c0,4,200
0,R,0x8000f100,4,200
0,R,0x8000f140,4,200
0,R,0x8000f180,4,200
0,R,0x8000f1c0,4,200
0,R,0x8000f200,4,200
0,R,0x8000f240,4,200
0,R,0x8000f280,4,200
0,R,0x8000f2c0,4,200
0,R,0x8000f300,4,200
0,R,0x8000f340,4,200
0,R,0x8000f380,4,200
0,R,0x8000f3c0,4,200
0,R,0x8000f400,4,200
0,R,0x8000f440,4,200
0,R,0x8000f480,4,200
0,R,0x8000f4c0,4,200
0,R,0x8000f500,4,200
0,R,0x8000f540,4,200
0,R,0x8000f580,4,200
0,R,0x8000f5c0,4,200
0,R,0x8000f600,4,200
0,R,0x8000f640,4,200
0,R,0x8000f680,4,200
0,R,0x8000f6c0,4,200
0,R,0x8000f700,4,200
0,R,0x8000f740,4,200
0,R,0x8000f780,4,200
0,R,0x8000f7c0,4,200
0,R,0x8000f800,4,200
0,R,0x8000f840,4,200
0,R,0x8000f880,4,200
0,R,0x8000f8c0,4,200
0,R,0x8000f900,4,200
0,R,0x8000f940,4,200
0,R,0x8000f980,4,200
0,R,0x8000f9c0,4,200
0,R,0x8000fa00,4,200
0,R,0x8000fa40,4,200
0,R,0x8000fa80,4,200
0,R,0x8000fac0,4,200
0,R,0x8000fb00,4,200
0,R,0x8000fb40,4,200
0,R,0x8000fb80,4,200
0,R,0x8000fbc0,4,200
0,R,0x8000fc00,4,200
0,R,0x8000fc40,4,200
0,R,0x8000fc80,4,200
0,R,0x8000fcc0,4,200
0,R,0x8000fd00,4,200
0,R,0x8000fd40,4,200
0,R,0x8000fd80,4,200
0,R,0x8000fdc0,4,200
0,R,0x8000fe00,4,200
0,R,0x8000fe40,4,200
0,R,0x8000fe80,4,200
0,R,0x8000fec0,4,200
0,R,0x8000ff00,4,200
0,R,0x8000ff40,4,200
0,R,0x8000ff80,4,200
0,R,0x8000ffc0,4,200
0,R,0x80010000,4,200
0,R,0x80010040,4,200
0,R,0x80010080,4,200
0,R,0x800100c0,4,200
0,R,0x80010100,4,200
0,R,0x80010140,4,200
0,R,0x80010180,4,200
0,R,0x800101c0,4,200
0,R,0x80010200,4,200
0,R,0x80010240,4,200
0,R,0x80010280,4,200
0,R,0x800102c0,4,200
0,R,0x80010300,4,200
0,R,0x80010340,4,200
0,R,0x80010380,4,200
0,R,0x800103c0,4,200
0,R,0x80010400,4,200
0,R,0x80010440,4,200
0,R,0x80010480,4,200
0,R,0x800104c0,4,200
0,R,0x80010500,4,200
0,R,0x80010540,4,200
0,R,0x80010580,4,200
0,R,0x800105c0,4,200
0,R,0x80010600,4,200
0,R,0x80010640,4,200
0,R,0x80010680,4,200
0,R,0x800106c0,4,200
0,R,0x80010700,4,200
0,R,0x80010740,4,200
0,R,0x80010780,4,200
0,R,0x800107c0,4,200
0,R,0x80010800,4,200
0,R,0x80010840,4,200
0,R,0x80010880,4,200
0,R,0x800108c0,4,200
0,R,0x80010900,4,200
0,R,0x80010940,4,200
0,R,0x80010980,4,200
0,R,0x800109c0,4,200
0,R,0x80010a00,4,200
0,R,0x80010a40,4,200
0,R,0x80010a80,4,200
0,R,0x80010ac0,4,200
0,R,0x80010b00,4,200
0,R,0x80010b40,4,200
0,R,0x80010b80,4,200
0,R,0x80010bc0,4,200
0,R,0x80010c00,4,200
0,R,0x80010c40,4,200
0,R,0x80010c80,4,200
0,R,0x80010cc0,4,200
0,R,0x80010d00,4,200
0,R,0x80010d40,4,200
0,R,0x80010d80,4,200
0,R,0x80010dc0,4,200
0,R,0x80010e00,4,200
0,R,0x80010e40,4,200
0,R,0x80010e80,4,200
0,R,0x80010ec0,4,200
0,R,0x80010f00,4,200
0,R,0x80010f40,4,200
0,R,0x80010f80,4,200
0,R,0x80010fc0,4,200
0,R,0x80011000,4,200
0,R,0x80011040,4,200
0,R,0x80011080,4,200
0,R,0x800110c0,4,200
0,R,0x80011100,4,200
0,R,0x80011140,4,200
0,R,0x80011180,4,200
0,R,0x800111c0,4,200
0,R,0x80011200,4,200
0,R,0x80011240,4,200
0,R,0x80011280,4,200
0,R,0x800112c0,4,200
0,R,0x80011300,4,200
0,R,0x80011340,4,200
0,R,0x80011380,4,200
0,R,0x800113c0,4,200
0,R,0x80011400,4,200
0,R,0x80011440,4,200
0,R,0x80011480,4,200
0,R,0x800114c0,4,200
0,R,0x80011500,4,200
0,R,0x80011540,4,200
0,R,0x80011580,4,200
0,R,0x800115c0,4,200
0,R,0x80011600,4,200
0,R,0x80011640,4,200
0,R,0x80011680,4,200
0,R,0x800116c0,4,200
0,R,0x80011700,4,200
0,R,0x80011740,4,200
0,R,0x80011780,4,200
0,R,0x800117c0,4,200
0,R,0x80011800,4,200
0,R,0x80011840,4,200
0,R,0x80011880,4,200
0,R,0x800118c0,4,200
0,R,0x80011900,4,200
0,R,0x80011940,4,200
0,R,0x80011980,4,200
0,R,0x800119c0,4,200
0,R,0x80011a00,4,200
0,R,0x80011a40,4,200
0,R,0x80011a80,4,200
0,R,0x80011ac0,4,200
0,R,0x80011b00,4,200
0,R,0x80011b40,4,200
0,R,0x80011b80,4,200
0,R,0x80011bc0,4,200
0,R,0x80011c00,4,200
0,R,0x80011c40,4,200
0,R,0x80011c80,4,200
0,R,0x80011cc0,4,200
0,R,0x80011d00,4,200
0,R,0x80011d40,4,200
0,R,0x80011d80,4,200
0,R,0x80011dc0,4,200
0,R,0x80011e00,4,200
0,R,0x80011e40,4,200
0,R,0x80011e80,4,200
0,R,0x80011ec0,4,200
0,R,0x80011f00,4,200
0,R,0x80011f40,4,200
0,R,0x80011f80,4,200
0,R,0x80011fc0,4,200
0,R,0x80012000,4,200
0,R,0x80012040,4,200
0,R,0x80012080,4,200
0,R,0x800120c0,4,200
0,R,0x80012100,4,200
0,R,0x80012140,4,200
0,R,0x80012180,4,200
0,R,0x800121c0,4,200
0,R,0x80012200,4,200
0,R,0x80012240,4,200
0,R,0x80012280,4,200
0,R,0x800122c0,4,200
0,R,0x80012300,4,200
0,R,0x80012340,4,200
0,R,0x80012380,4,200
0,R,0x800123c0,4,200
0,R,0x80012400,4,200
0,R,0x80012440,4,200
0,R,0x80012480,4,200
0,R,0x800124c0,4,200
0,R,0x80012500,4,200
0,R,0x80012540,4,200
0,R,0x80012580,4,200
0,R,0x800125c0,4,200
0,R,0x80012600,4,200
0,R,0x80012640,4,200
0,R,0x80012680,4,200
0,R,0x800126c0,4,200
0,R,0x80012700,4,200
0,R,0x80012740,4,200
0,R,0x80012780,4,200
0,R,0x800127c0,4,200
0,R,0x80012800,4,200
0,R,0x80012840,4,200
0,R,0x80012880,4,200
0,R,0x800128c0,4,200
0,R,0x80012900,4,200
0,R,0x80012940,4,200
0,R,0x80012980,4,200
0,R,0x800129c0,4,200
0,R,0x80012a00,4,200
0,R,0x80012a40,4,200
0,R,0x80012a80,4,200
0,R,0x80012ac0,4,200
0,R,0x80012b00,4,200
0,R,0x80012b40,4,200
0,R,0x80012b80,4,200
0,R,0x80012bc0,4,200
0,R,0x80012c00,4,200
0,R,0x80012c40,4,200
0,R,0x80012c80,4,200
0,R,0x80012cc0,4,200
0,R,0x80012d00,4,200
0,R,0x80012d40,4,200
0,R,0x80012d80,4,200
0,R,0x80012dc0,4,200
0,R,0x80012e00,4,200
0,R,0x80012e40,4,200
0,R,0x80012e80,4,200
0,R,0x80012ec0,4,200
0,R,0x80012f00,4,200
0,R,0x80012f40,4,200
0,R,0x80012f80,4,200
0,R,0x80012fc0,4,200
0,R,0x80013000,4,200
0,R,0x80013040,4,200
0,R,0x80013080,4,200
0,R,0x800130c0,4,200
0,R,0x80013100,4,200
0,R,0x80013140,4,200
0,R,0x80013180,4,200
0,R,0x800131c0,4,200
0,R,0x80013200,4,200
0,R,0x80013240,4,200
0,R,0x80013280,4,200
0,R,0x800132c0,4,200
0,R,0x80013300,4,200
0,R,0x80013340,4,200
0,R,0x80013380,4,200
0,R,0x800133c0,4,200
0,R,0x80013400,4,200
0,R,0x80013440,4,200
0,R,0x80013480,4,200
0,R,0x800134c0,4,200
0,R,0x80013500,4,200
0,R,0x80013540,4,200
0,R,0x80013580,4,200
0,R,0x800135c0,4,200
0,R,0x80013600,4,200
0,R,0x80013640,4,200
0,R,0x80013680,4,200
0,R,0x800136c0,4,200
0,R,0x80013700,4,200
0,R,0x80013740,4,200
0,R,0x80013780,4,200
0,R,0x800137c0,4,200
0,R,0x80013800,4,200
0,R,0x80013840,4,200
0,R,0x80013880,4,200
0,R,0x800138c0,4,200
0,R,0x80013900,4,200
0,R,0x80013940,4,200
0,R,0x80013980,4,200
0,R,0x800139c0,4,200
0,R,0x80013a00,4,200
0,R,0x80013a40,4,200
0,R,0x80013a80,4,200
0,R,0x80013ac0,4,200
0,R,0x80013b00,4,200
0,R,0x80013b40,4,200
0,R,0x80013b80,4,200
0,R,0x80013bc0,4,200
0,R,0x80013c00,4,200
0,R,0x80013c40,4,200
0,R,0x80013c80,4,200
0,R,0x80013cc0,4,200
0,R,0x80013d00,4,200
0,R,0x80013d40,4,200
0,R,0x80013d80,4,200
0,R,0x80013dc0,4,200
0,R,0x80013e00,4,200
0,R,0x80013e40,4,200
0,R,0x80013e80,4,200
0,R,0x80013ec0,4,200
0,R,0x80013f00,4,200
0,R,0x80013f40,4,200
0,R,0x80013f80,4,200
0,R,0x80013fc0,4,200
0,R,0x80014000,4,200
0,R,0x80014040,4,200
0,R,0x80014080,4,200
0,R,0x800140c0,4,200
0,R,0x80014100,4,200
0,R,0x80014140,4,200
0,R,0x80014180,4,200
0,R,0x800141c0,4,200
0,R,0x80014200,4,200
0,R,0x80014240,4,200
0,R,0x80014280,4,200
0,R,0x800142c0,4,200
0,R,0x80014300,4,200
0,R,0x80014340,4,200
0,R,0x80014380,4,200
0,R,0x800143c0,4,200
0,R,0x80014400,4,200
0,R,0x80014440,4,200
0,R,0x80014480,4,200
0,R,0x800144c0,4,200
0,R,0x80014500,4,200
0,R,0x80014540,4,200
0,R,0x80014580,4,200
0,R,0x800145c0,4,200
0,R,0x80014600,4,200
0,R,0x80014640,4,200
0,R,0x80014680,4,200
0,R,0x800146c0,4,200
0,R,0x80014700,4,200
0,R,0x80014740,4,200
0,R,0x80014780,4,200
0,R,0x800147c0,4,200
0,R,0x80014800,4,200
0,R,0x80014840,4,200
0,R,0x80014880,4,200
0,R,0x800148c0,4,200
0,R,0x80014900,4,200
0,R,0x80014940,4,200
0,R,0x80014980,4,200
0,R,0x800149c0,4,200
0,R,0x80014a00,4,200
0,R,0x80014a40,4,200
0,R,0x80014a80,4,200
0,R,0x80014ac0,4,200
0,R,0x80014b00,4,200
0,R,0x80014b40,4,200
0,R,0x80014b80,4,200
0,R,0x80014bc0,4,200
0,R,0x80014c00,4,200
0,R,0x80014c40,4,200
0,R,0x80014c80,4,200
0,R,0x80014cc0,4,200
0,R,0x80014d00,4,200
0,R,0x80014d40,4,200
0,R,0x80014d80,4,200
0,R,0x80014dc0,4,200
0,R,0x80014e00,4,200
0,R,0x80014e40,4,200
0,R,0x80014e80,4,200
0,R,0x80014ec0,4,200
0,R,0x80014f00,4,200
0,R,0x80014f40,4,200
0,R,0x80014f80,4,200
0,R,0x80014fc0,4,200
0,R,0x80015000,4,200
0,R,0x80015040,4,200
0,R,0x80015080,4,200
0,R,0x800150c0,4,200
0,R,0x80015100,4,200
0,R,0x80015140,4,200
0,R,0x80015180,4,200
0,R,0x800151c0,4,200
0,R,0x80015200,4,200
0,R,0x80015240,4,200
0,R,0x80015280,4,200
0,R,0x800152c0,4,200
0,R,0x80015300,4,200
0,R,0x80015340,4,200
0,R,0x80015380,4,200
0,R,0x800153c0,4,200
0,R,0x80015400,4,200
0,R,0x80015440,4,200
0,R,0x80015480,4,200
0,R,0x800154c0,4,200
0,R,0x80015500,4,200
0,R,0x80015540,4,200
0,R,0x80015580,4,200
0,R,0x800155c0,4,200
0,R,0x80015600,4,200
0,R,0x80015640,4,200
0,R,0x80015680,4,200
0,R,0x800156c0,4,200
0,R,0x80015700,4,200
0,R,0x80015740,4,200
0,R,0x80015780,4,200
0,R,0x800157c0,4,200
0,R,0x80015800,4,200
0,R,0x80015840,4,200
0,R,0x80015880,4,200
0,R,0x800158c0,4,200
0,R,0x80015900,4,200
0,R,0x80015940,4,200
0,R,0x80015980,4,200
0,R,0x800159c0,4,200
0,R,0x80015a00,4,200
0,R,0x80015a40,4,200
0,R,0x80015a80,4,200
0,R,0x80015ac0,4,200
0,R,0x80015b00,4,200
0,R,0x80015b40,4,200
0,R,0x80015b80,4,200
0,R,0x80015bc0,4,200
0,R,0x80015c00,4,200
0,R,0x80015c40,4,200
0,R,0x80015c80,4,200
0,R,0x80015cc0,4,200
0,R,0x80015d00,4,200
0,R,0x80015d40,4,200
0,R,0x80015d80,4,200
0,R,0x80015dc0,4,200
0,R,0x80015e00,4,200
0,R,0x80015e40,4,200
0,R,0x80015e80,4,200
0,R,0x80015ec0,4,200
0,R,0x80015f00,4,200
0,R,0x80015f40,4,200
0,R,0x80015f80,4,200
0,R,0x80015fc0,4,200
0,R,0x80016000,4,200
0,R,0x80016040,4,200
0,R,0x80016080,4,200
0,R,0x800160c0,4,200
0,R,0x80016100,4,200
0,R,0x80016140,4,200
0,R,0x80016180,4,200
0,R,0x800161c0,4,200
0,R,0x80016200,4,200
0,R,0x80016240,4,200
0,R,0x80016280,4,200
0,R,0x800162c0,4,200
0,R,0x80016300,4,200
0,R,0x80016340,4,200
0,R,0x80016380,4,200
0,R,0x800163c0,4,200
0,R,0x80016400,4,200
0,R,0x80016440,4,200
0,R,0x80016480,4,200
0,R,0x800164c0,4,200
0,R,0x80016500,4,200
0,R,0x80016540,4,200
0,R,0x80016580,4,200
0,R,0x800165c0,4,200
0,R,0x80016600,4,200
0,R,0x80016640,4,200
0,R,0x80016680,4,200
0,R,0x800166c0,4,200
0,R,0x80016700,4,200
0,R,0x80016740,4,200
0,R,0x80016780,4,200
0,R,0x800167c0,4,200
0,R,0x80016800,4,200
0,R,0x80016840,4,200
0,R,0x80016880,4,200
0,R,0x800168c0,4,200
0,R,0x80016900,4,200
0,R,0x80016940,4,200
0,R,0x80016980,4,200
0,R,0x800169c0,4,200
0,R,0x80016a00,4,200
0,R,0x80016a40,4,200
0,R,0x80016a80,4,200
0,R,0x80016ac0,4,200
0,R,0x80016b00,4,200
0,R,0x80016b40,4,200
0,R,0x80016b80,4,200
0,R,0x80016bc0,4,200
0,R,0x80016c00,4,200
0,R,0x80016c40,4,200
0,R,0x80016c80,4,200
0,R,0x80016cc0,4,200
0,R,0x80016d00,4,200
0,R,0x80016d40,4,200
0,R,0x80016d80,4,200
0,R,0x80016dc0,4,200
0,R,0x80016e00,4,200
0,R,0x80016e40,4,200
0,R,0x80016e80,4,200
0,R,0x80016ec0,4,200
0,R,0x80016f00,4,200
0,R,0x80016f40,4,200
0,R,0x80016f80,4,200
0,R,0x80016fc0,4,200
0,R,0x80017000,4,200
0,R,0x80017040,4,200
0,R,0x80017080,4,200
0,R,0x800170c0,4,200
0,R,0x80017100,4,200
0,R,0x80017140,4,200
0,R,0x80017180,4,200
0,R,0x800171c0,4,200
0,R,0x80017200,4,200
0,R,0x80017240,4,200
0,R,0x80017280,4,200
0,R,0x800172c0,4,200
0,R,0x80017300,4,200
0,R,0x80017340,4,200
0,R,0x80017380,4,200
0,R,0x800173c0,4,200
0,R,0x80017400,4,200
0,R,0x80017440,4,200
0,R,0x80017480,4,200
0,R,0x800174c0,4,200
0,R,0x80017500,4,200
0,R,0x80017540,4,200
0,R,0x80017580,4,200
0,R,0x800175c0,4,200
0,R,0x80017600,4,200
0,R,0x80017640,4,200
0,R,0x80017680,4,200
0,R,0x800176c0,4,200
0,R,0x80017700,4,200
0,R,0x80017740,4,200
0,R,0x80017780,4,200
0,R,0x800177c0,4,200
0,R,0x80017800,4,200
0,R,0x80017840,4,200
0,R,0x80017880,4,200
0,R,0x800178c0,4,200
0,R,0x80017900,4,200
0,R,0x80017940,4,200
0,R,0x80017980,4,200
0,R,0x800179c0,4,200
0,R,0x80017a00,4,200
0,R,0x80017a40,4,200
0,R,0x80017a80,4,200
0,R,0x80017ac0,4,200
0,R,0x80017b00,4,200
0,R,0x80017b40,4,200
0,R,0x80017b80,4,200
0,R,0x80017bc0,4,200
0,R,0x80017c00,4,200
0,R,0x80017c40,4,200
0,R,0x80017c80,4,200
0,R,0x80017cc0,4,200
0,R,0x80017d00,4,200
0,R,0x80017d40,4,200
0,R,0x80017d80,4,200
0,R,0x80017dc0,4,200
0,R,0x80017e00,4,200
0,R,0x80017e40,4,200
0,R,0x80017e80,4,200
0,R,0x80017ec0,4,200
0,R,0x80017f00,4,200
0,R,0x80017f40,4,200
0,R,0x80017f80,4,200
0,R,0x80017fc0,4,200
0,R,0x80018000,4,200
0,R,0x80018040,4,200
0,R,0x80018080,4,200
0,R,0x800180c0,4,200
0,R,0x80018100,4,200
0,R,0x80018140,4,200
0,R,0x80018180,4,200
0,R,0x800181c0,4,200
0,R,0x80018200,4,200
0,R,0x80018240,4,200
0,R,0x80018280,4,200
0,R,0x800182c0,4,200
0,R,0x80018300,4,200
0,R,0x80018340,4,200
0,R,0x80018380,4,200
0,R,0x800183c0,4,200
0,R,0x80018400,4,200
0,R,0x80018440,4,200
0,R,0x80018480,4,200
0,R,0x800184c0,4,200
0,R,0x80018500,4,200
0,R,0x80018540,4,200
0,R,0x80018580,4,200
0,R,0x800185c0,4,200
0,R,0x80018600,4,200
0,R,0x80018640,4,200
0,R,0x80018680,4,200
0,R,0x800186c0,4,200
0,R,0x80018700,4,200
0,R,0x80018740,4,200
0,R,0x80018780,4,200
0,R,0x800187c0,4,200
0,R,0x80018800,4,200
0,R,0x80018840,4,200
0,R,0x80018880,4,200
0,R,0x800188c0,4,200
0,R,0x80018900,4,200
0,R,0x80018940,4,200
0,R,0x80018980,4,200
0,R,0x800189c0,4,200
0,R,0x80018a00,4,200
0,R,0x80018a40,4,200
0,R,0x80018a80,4,200
0,R,0x80018ac0,4,200
0,R,0x80018b00,4,200
0,R,0x80018b40,4,200
0,R,0x80018b80,4,200
0,R,0x80018bc0,4,200
0,R,0x80018c00,4,200
0,R,0x80018c40,4,200
0,R,0x80018c80,4,200
0,R,0x80018cc0,4,200
0,R,0x80018d00,4,200
0,R,0x80018d40,4,200
0,R,0x80018d80,4,200
0,R,0x80018dc0,4,200
0,R,0x80018e00,4,200
0,R,0x80018e40,4,200
0,R,0x80018e80,4,200
0,R,0x80018ec0,4,200
0,R,0x80018f00,4,200
0,R,0x80018f40,4,200
0,R,0x80018f80,4,200
0,R,0x80018fc0,4,200
0,R,0x80019000,4,200
0,R,0x80019040,4,200
0,R,0x80019080,4,200
0,R,0x800190c0,4,200
0,R,0x80019100,4,200
0,R,0x80019140,4,200
0,R,0x80019180,4,200
0,R,0x800191c0,4,200
0,R,0x80019200,4,200
0,R,0x80019240,4,200
0,R,0x80019280,4,200
0,R,0x800192c0,4,200
0,R,0x80019300,4,200
0,R,0x80019340,4,200
0,R,0x80019380,4,200
0,R,0x800193c0,4,200
0,R,0x80019400,4,200
0,R,0x80019440,4,200
0,R,0x80019480,4,200
0,R,0x800194c0,4,200
0,R,0x80019500,4,200
0,R,0x80019540,4,200
0,R,0x80019580,4,200
0,R,0x800195c0,4,200
0,R,0x80019600,4,200
0,R,0x80019640,4,200
0,R,0x80019680,4,200
0,R,0x800196c0,4,200
0,R,0x80019700,4,200
0,R,0x80019740,4,200
0,R,0x80019780,4,200
0,R,0x800197c0,4,200
0,R,0x80019800,4,200
0,R,0x80019840,4,200
0,R,0x80019880,4,200
0,R,0x800198c0,4,200
0,R,0x80019900,4,200
0,R,0x80019940,4,200
0,R,0x80019980,4,200
0,R,0x800199c0,4,200
0,R,0x80019a00,4,200
0,R,0x80019a40,4,200
0,R,0x80019a80,4,200
0,R,0x80019ac0,4,200
0,R,0x80019b00,4,200
0,R,0x80019b40,4,200
0,R,0x80019b80,4,200
0,R,0x80019bc0,4,200
0,R,0x80019c00,4,200
0,R,0x80019c40,4,200
0,R,0x80019c80,4,200
0,R,0x80019cc0,4,200
0,R,0x80019d00,4,200
0,R,0x80019d40,4,200
0,R,0x80019d80,4,200
0,R,0x80019dc0,4,200
0,R,0x80019e00,4,200
0,R,0x80019e40,4,200
0,R,0x80019e80,4,200
0,R,0x80019ec0,4,200
0,R,0x80019f00,4,200
0,R,0x80019f40,4,200
0,R,0x80019f80,4,200
0,R,0x80019fc0,4,200
0,R,0x8001a000,4,200
0,R,0x8001a040,4,200
0,R,0x8001a080,4,200
0,R,0x8001a0c0,4,200
0,R,0x8001a100,4,200
0,R,0x8001a140,4,200
0,R,0x8001a180,4,200
0,R,0x8001a1c0,4,200
0,R,0x8001a200,4,200
0,R,0x8001a240,4,200
0,R,0x8001a280,4,200
0,R,0x8001a2c0,4,200
0,R,0x8001a300,4,200
0,R,0x8001a340,4,200
0,R,0x8001a380,4,200
0,R,0x8001a3c0,4,200
0,R,0x8001a400,4,200
0,R,0x8001a440,4,200
0,R,0x8001a480,4,200
0,R,0x8001a4c0,4,200
0,R,0x8001a500,4,200
0,R,0x8001a540,4,200
0,R,0x8001a580,4,200
0,R,0x8001a5c0,4,200
0,R,0x8001a600,4,200
0,R,0x8001a640,4,200
0,R,0x8001a680,4,200
0,R,0x8001a6c0,4,200
0,R,0x8001a700,4,200
0,R,0x8001a740,4,200
0,R,0x8001a780,4,200
0,R,0x8001a7c0,4,200
0,R,0x8001a800,4,200
0,R,0x8001a840,4,200
0,R,0x8001a880,4,200
0,R,0x8001a8c0,4,200
0,R,0x8001a900,4,200
0,R,0x8001a940,4,200
0,R,0x8001a980,4,200
0,R,0x8001a9c0,4,200
0,R,0x8001aa00,4,200
0,R,0x8001aa40,4,200
0,R,0x8001aa80,4,200
0,R,0x8001aac0,4,200
0,R,0x8001ab00,4,200
0,R,0x8001ab40,4,200
0,R,0x8001ab80,4,200
0,R,0x8001abc0,4,200
0,R,0x8001ac00,4,200
0,R,0x8001ac40,4,200
0,R,0x8001ac80,4,200
0,R,0x8001acc0,4,200
0,R,0x8001ad00,4,200
0,R,0x8001ad40,4,200
0,R,0x8001ad80,4,200
0,R,0x8001adc0,4,200
0,R,0x8001ae00,4,200
0,R,0x8001ae40,4,200
0,R,0x8001ae80,4,200
0,R,0x8001aec0,4,200
0,R,0x8001af00,4,200
0,R,0x8001af40,4,200
0,R,0x8001af80,4,200
0,R,0x8001afc0,4,200
0,R,0x8001b000,4,200
0,R,0x8001b040,4,200
0,R,0x8001b080,4,200
0,R,0x8001b0c0,4,200
0,R,0x8001b100,4,200
0,R,0x8001b140,4,200
0,R,0x8001b180,4,200
0,R,0x8001b1c0,4,200
0,R,0x8001b200,4,200
0,R,0x8001b240,4,200
0,R,0x8001b280,4,200
0,R,0x8001b2c0,4,200
0,R,0x8001b300,4,200
0,R,0x8001b340,4,200
0,R,0x8001b380,4,200
0,R,0x8001b3c0,4,200
0,R,0x8001b400,4,200
0,R,0x8001b440,4,200
0,R,0x8001b480,4,200
0,R,0x8001b4c0,4,200
0,R,0x8001b500,4,200
0,R,0x8001b540,4,200
0,R,0x8001b580,4,200
0,R,0x8001b5c0,4,200
0,R,0x8001b600,4,200
0,R,0x8001b640,4,200
0,R,0x8001b680,4,200
0,R,0x8001b6c0,4,200
0,R,0x8001b700,4,200
0,R,0x8001b740,4,200
0,R,0x8001b780,4,200
0,R,0x8001b7c0,4,200
0,R,0x8001b800,4,200
0,R,0x8001b840,4,200
0,R,0x8001b880,4,200
0,R,0x8001b8c0,4,200
0,R,0x8001b900,4,200
0,R,0x8001b940,4,200
0,R,0x8001b980,4,200
0,R,0x8001b9c0,4,200
0,R,0x8001ba00,4,200
0,R,0x8001ba40,4,200
0,R,0x8001ba80,4,200
0,R,0x8001bac0,4,200
0,R,0x8001bb00,4,200
0,R,0x8001bb40,4,200
0,R,0x8001bb80,4,200
0,R,0x8001bbc0,4,200
0,R,0x8001bc00,4,200
0,R,0x8001bc40,4,200
0,R,0x8001bc80,4,200
0,R,0x8001bcc0,4,200
0,R,0x8001bd00,4,200
0,R,0x8001bd40,4,200
0,R,0x8001bd80,4,200
0,R,0x8001bdc0,4,200
0,R,0x8001be00,4,200
0,R,0x8001be40,4,200
0,R,0x8001be80,4,200
0,R,0x8001bec0,4,200
0,R,0x8001bf00,4,200
0,R,0x8001bf40,4,200
0,R,0x8001bf80,4,200
0,R,0x8001bfc0,4,200
0,R,0x8001c000,4,200
0,R,0x8001c040,4,200
0,R,0x8001c080,4,200
0,R,0x8001c0c0,4,200
0,R,0x8001c100,4,200
0,R,0x8001c140,4,200
0,R,0x8001c180,4,200
0,R,0x8001c1c0,4,200
0,R,0x8001c200,4,200
0,R,0x8001c240,4,200
0,R,0x8001c280,4,200
0,R,0x8001c2c0,4,200
0,R,0x8001c300,4,200
0,R,0x8001c340,4,200
0,R,0x8001c380,4,200
0,R,0x8001c3c0,4,200
0,R,0x8001c400,4,200
0,R,0x8001c440,4,200
0,R,0x8001c480,4,200
0,R,0x8001c4c0,4,200
0,R,0x8001c500,4,200
0,R,0x8001c540,4,200
0,R,0x8001c580,4,200
0,R,0x8001c5c0,4,200
0,R,0x8001c600,4,200
0,R,0x8001c640,4,200
0,R,0x8001c680,4,200
0,R,0x8001c6c0,4,200
0,R,0x8001c700,4,200
0,R,0x8001c740,4,200
0,R,0x8001c780,4,200
0,R,0x8001c7c0,4,200
0,R,0x8001c800,4,200
0,R,0x8001c840,4,200
0,R,0x8001c880,4,200
0,R,0x8001c8c0,4,200
0,R,0x8001c900,4,200
0,R,0x8001c940,4,200
0,R,0x8001c980,4,200
0,R,0x8001c9c0,4,200
0,R,0x8001ca00,4,200
0,R,0x8001ca40,4,200
0,R,0x8001ca80,4,200
0,R,0x8001cac0,4,200
0,R,0x8001cb00,4,200
0,R,0x8001cb40,4,200
0,R,0x8001cb80,4,200
0,R,0x8001cbc0,4,200
0,R,0x8001cc00,4,200
0,R,0x8001cc40,4,200
0,R,0x8001cc80,4,200
0,R,0x8001ccc0,4,200
0,R,0x8001cd00,4,200
0,R,0x8001cd40,4,200
0,R,0x8001cd80,4,200
0,R,0x8001cdc0,4,200
0,R,0x8001ce00,4,200
0,R,0x8001ce40,4,200
0,R,0x8001ce80,4,200
0,R,0x8001cec0,4,200
0,R,0x8001cf00,4,200
0,R,0x8001cf40,4,200
0,R,0x8001cf80,4,200
0,R,0x8001cfc0,4,200
0,R,0x8001d000,4,200
0,R,0x8001d040,4,200
0,R,0x8001d080,4,200
0,R,0x8001d0c0,4,200
0,R,0x8001d100,4,200
0,R,0x8001d140,4,200
0,R,0x8001d180,4,200
0,R,0x8001d1c0,4,200
0,R,0x8001d200,4,200
0,R,0x8001d240,4,200
0,R,0x8001d280,4,200
0,R,0x8001d2c0,4,200
0,R,0x8001d300,4,200
0,R,0x8001d340,4,200
0,R,0x8001d380,4,200
0,R,0x8001d3c0,4,200
0,R,0x8001d400,4,200
0,R,0x8001d440,4,200
0,R,0x8001d480,4,200
0,R,0x8001d4c0,4,200
0,R,0x8001d500,4,200
0,R,0x8001d540,4,200
0,R,0x8001d580,4,200
0,R,0x8001d5c0,4,200
0,R,0x8001d600,4,200
0,R,0x8001d640,4,200
0,R,0x8001d680,4,200
0,R,0x8001d6c0,4,200
0,R,0x8001d700,4,200
0,R,0x8001d740,4,200
0,R,0x8001d780,4,200
0,R,0x8001d7c0,4,200
0,R,0x8001d800,4,200
0,R,0x8001d840,4,200
0,R,0x8001d880,4,200
0,R,0x8001d8c0,4,200
0,R,0x8001d900,4,200
0,R,0x8001d940,4,200
0,R,0x8001d980,4,200
0,R,0x8001d9c0,4,200
0,R,0x8001da00,4,200
0,R,0x8001da40,4,200
0,R,0x8001da80,4,200
0,R,0x8001dac0,4,200
0,R,0x8001db00,4,200
0,R,0x8001db40,4,200
0,R,0x8001db80,4,200
0,R,0x8001dbc0,4,200
0,R,0x8001dc00,4,200
0,R,0x8001dc40,4,200
0,R,0x8001dc80,4,200
0,R,0x8001dcc0,4,200
0,R,0x8001dd00,4,200
0,R,0x8001dd40,4,200
0,R,0x8001dd80,4,200
0,R,0x8001ddc0,4,200
0,R,0x8001de00,4,200
0,R,0x8001de40,4,200
0,R,0x8001de80,4,200
0,R,0x8001dec0,4,200
0,R,0x8001df00,4,200
0,R,0x8001df40,4,200
0,R,0x8001df80,4,200
0,R,0x8001dfc0,4,200
0,R,0x8001e000,4,200
0,R,0x8001e040,4,200
0,R,0x8001e080,4,200
0,R,0x8001e0c0,4,200
0,R,0x8001e100,4,200
0,R,0x8001e140,4,200
0,R,0x8001e180,4,200
0,R,0x8001e1c0,4,200
0,R,0x8001e200,4,200
0,R,0x8001e240,4,200
0,R,0x8001e280,4,200
0,R,0x8001e2c0,4,200
0,R,0x8001e300,4,200
0,R,0x8001e340,4,200
0,R,0x8001e380,4,200
0,R,0x8001e3c0,4,200
0,R,0x8001e400,4,200
0,R,0x8001e440,4,200
0,R,0x8001e480,4,200
0,R,0x8001e4c0,4,200
0,R,0x8001e500,4,200
0,R,0x8001e540,4,200
0,R,0x8001e580,4,200
0,R,0x8001e5c0,4,200
0,R,0x8001e600,4,200
0,R,0x8001e640,4,200
0,R,0x8001e680,4,200
0,R,0x8001e6c0,4,200
0,R,0x8001e700,4,200
0,R,0x8001e740,4,200
0,R,0x8001e780,4,200
0,R,0x8001e7c0,4,200
0,R,0x8001e800,4,200
0,R,0x8001e840,4,200
0,R,0x8001e880,4,200
0,R,0x8001e8c0,4,200
0,R,0x8001e900,4,200
0,R,0x8001e940,4,200
0,R,0x8001e980,4,200
0,R,0x8001e9c0,4,200
0,R,0x8001ea00,4,200
0,R,0x8001ea40,4,200
0,R,0x8001ea80,4,200
0,R,0x8001eac0,4,200
0,R,0x8001eb00,4,200
0,R,0x8001eb40,4,200
0,R,0x8001eb80,4,200
0,R,0x8001ebc0,4,200
0,R,0x8001ec00,4,200
0,R,0x8001ec40,4,200
0,R,0x8001ec80,4,200
0,R,0x8001ecc0,4,200
0,R,0x8001ed00,4,200
0,R,0x8001ed40,4,200
0,R,0x8001ed80,4,200
0,R,0x8001edc0,4,200
0,R,0x8001ee00,4,200
0,R,0x8001ee40,4,200
0,R,0x8001ee80,4,200
0,R,0x8001eec0,4,200
0,R,0x8001ef00,4,200
0,R,0x8001ef40,4,200
0,R,0x8001ef80,4,200
0,R,0x8001efc0,4,200
0,R,0x8001f000,4,200
0,R,0x8001f040,4,200
0,R,0x8001f080,4,200
0,R,0x8001f0c0,4,200
0,R,0x8001f100,4,200
0,R,0x8001f140,4,200
0,R,0x8001f180,4,200
0,R,0x8001f1c0,4,200
0,R,0x8001f200,4,200
0,R,0x8001f240,4,200
0,R,0x8001f280,4,200
0,R,0x8001f2c0,4,200
0,R,0x8001f300,4,200
0,R,0x8001f340,4,200
0,R,0x8001f380,4,200
0,R,0x8001f3c0,4,200
0,R,0x8001f400,4,200
0,R,0x8001f440,4,200
0,R,0x8001f480,4,200
0,R,0x8001f4c0,4,200
0,R,0x8001f500,4,200
0,R,0x8001f540,4,200
0,R,0x8001f580,4,200
0,R,0x8001f5c0,4,200
0,R,0x8001f600,4,200
0,R,0x8001f640,4,200
0,R,0x8001f680,4,200
0,R,0x8001f6c0,4,200
0,R,0x8001f700,4,200
0,R,0x8001f740,4,200
0,R,0x8001f780,4,200
0,R,0x8001f7c0,4,200
0,R,0x8001f800,4,200
0,R,0x8001f840,4,200
0,R,0x8001f880,4,200
0,R,0x8001f8c0,4,200
0,R,0x8001f900,4,200
0,R,0x8001f940,4,200
0,R,0x8001f980,4,200
0,R,0x8001f9c0,4,200
0,R,0x8001fa00,4,200
0,R,0x8001fa40,4,200
0,R,0x8001fa80,4,200
0,R,0x8001fac0,4,200
0,R,0x8001fb00,4,200
0,R,0x8001fb40,4,200
0,R,0x8001fb80,4,200
0,R,0x8001fbc0,4,200
0,R,0x8001fc00,4,200
0,R,0x8001fc40,4,200
0,R,0x8001fc80,4,200
0,R,0x8001fcc0,4,200
0,R,0x8001fd00,4,200
0,R,0x8001fd40,4,200
0,R,0x8001fd80,4,200
0,R,0x8001fdc0,4,200
0,R,0x8001fe00,4,200
0,R,0x8001fe40,4,200
0,R,0x8001fe80,4,200
0,R,0x8001fec0,4,200
0,R,0x8001ff00,4,200
0,R,0x8001ff40,4,200
0,R,0x8001ff80,4,200
0,R,0x8001ffc0,4,200
0,R,0x80020000,4,200
0,R,0x80020040,4,200
0,R,0x80020080,4,200
0,R,0x800200c0,4,200
0,R,0x80020100,4,200
0,R,0x80020140,4,200
0,R,0x80020180,4,200
0,R,0x800201c0,4,200
0,R,0x80020200,4,200
0,R,0x80020240,4,200
0,R,0x80020280,4,200
0,R,0x800202c0,4,200
0,R,0x80020300,4,200
0,R,0x80020340,4,200
0,R,0x80020380,4,200
0,R,0x800203c0,4,200
0,R,0x80020400,4,200
0,R,0x80020440,4,200
0,R,0x80020480,4,200
0,R,0x800204c0,4,200
0,R,0x80020500,4,200
0,R,0x80020540,4,200
0,R,0x80020580,4,200
0,R,0x800205c0,4,200
0,R,0x80020600,4,200
0,R,0x80020640,4,200
0,R,0x80020680,4,200
0,R,0x800206c0,4,200
0,R,0x80020700,4,200
0,R,0x80020740,4,200
0,R,0x80020780,4,200
0,R,0x800207c0,4,200
0,R,0x80020800,4,200
0,R,0x80020840,4,200
0,R,0x80020880,4,200
0,R,0x800208c0,4,200
0,R,0x80020900,4,200
0,R,0x80020940,4,200
0,R,0x80020980,4,200
0,R,0x800209c0,4,200
0,R,0x80020a00,4,200
0,R,0x80020a40,4,200
0,R,0x80020a80,4,200
0,R,0x80020ac0,4,200
0,R,0x80020b00,4,200
0,R,0x80020b40,4,200
0,R,0x80020b80,4,200
0,R,0x80020bc0,4,200
0,R,0x80020c00,4,200
0,R,0x80020c40,4,200
0,R,0x80020c80,4,200
0,R,0x80020cc0,4,200
0,R,0x80020d00,4,200
0,R,0x80020d40,4,200
0,R,0x80020d80,4,200
0,R,0x80020dc0,4,200
0,R,0x80020e00,4,200
0,R,0x80020e40,4,200
0,R,0x80020e80,4,200
0,R,0x80020ec0,4,200
0,R,0x80020f00,4,200
0,R,0x80020f40,4,200
0,R,0x80020f80,4,200
0,R,0x80020fc0,4,200
0,R,0x80021000,4,200
0,R,0x80021040,4,200
0,R,0x80021080,4,200
0,R,0x800210c0,4,200
0,R,0x80021100,4,200
0,R,0x80021140,4,200
0,R,0x80021180,4,200
0,R,0x800211c0,4,200
0,R,0x80021200,4,200
0,R,0x80021240,4,200
0,R,0x80021280,4,200
0,R,0x800212c0,4,200
0,R,0x80021300,4,200
0,R,0x80021340,4,200
0,R,0x80021380,4,200
0,R,0x800213c0,4,200
0,R,0x80021400,4,200
0,R,0x80021440,4,200
0,R,0x80021480,4,200
0,R,0x800214c0,4,200
0,R,0x80021500,4,200
0,R,0x80021540,4,200
0,R,0x80021580,4,200
0,R,0x800215c0,4,200
0,R,0x80021600,4,200
0,R,0x80021640,4,200
0,R,0x80021680,4,200
0,R,0x800216c0,4,200
0,R,0x80021700,4,200
0,R,0x80021740,4,200
0,R,0x80021780,4,200
0,R,0x800217c0,4,200
0,R,0x80021800,4,200
0,R,0x80021840,4,200
0,R,0x80021880,4,200
0,R,0x800218c0,4,200
0,R,0x80021900,4,200
0,R,0x80021940,4,200
0,R,0x80021980,4,200
0,R,0x800219c0,4,200
0,R,0x80021a00,4,200
0,R,0x80021a40,4,200
0,R,0x80021a80,4,200
0,R,0x80021ac0,4,200
0,R,0x80021b00,4,200
0,R,0x80021b40,4,200
0,R,0x80021b80,4,200
0,R,0x80021bc0,4,200
0,R,0x80021c00,4,200
0,R,0x80021c40,4,200
0,R,0x80021c80,4,200
0,R,0x80021cc0,4,200
0,R,0x80021d00,4,200
0,R,0x80021d40,4,200
0,R,0x80021d80,4,200
0,R,0x80021dc0,4,200
0,R,0x80021e00,4,200
0,R,0x80021e40,4,200
0,R,0x80021e80,4,200
0,R,0x80021ec0,4,200
0,R,0x80021f00,4,200
0,R,0x80021f40,4,200
0,R,0x80021f80,4,200
0,R,0x80021fc0,4,200
0,R,0x80022000,4,200
0,R,0x80022040,4,200
0,R,0x80022080,4,200
0,R,0x800220c0,4,200
0,R,0x80022100,4,200
0,R,0x80022140,4,200
0,R,0x80022180,4,200
0,R,0x800221c0,4,200
0,R,0x80022200,4,200
0,R,0x80022240,4,200
0,R,0x80022280,4,200
0,R,0x800222c0,4,200
0,R,0x80022300,4,200
0,R,0x80022340,4,200
0,R,0x80022380,4,200
0,R,0x800223c0,4,200
0,R,0x80022400,4,200
0,R,0x80022440,4,200
0,R,0x80022480,4,200
0,R,0x800224c0,4,200
0,R,0x80022500,4,200
0,R,0x80022540,4,200
0,R,0x80022580,4,200
0,R,0x800225c0,4,200
0,R,0x80022600,4,200
0,R,0x80022640,4,200
0,R,0x80022680,4,200
0,R,0x800226c0,4,200
0,R,0x80022700,4,200
0,R,0x80022740,4,200
0,R,0x80022780,4,200
0,R,0x800227c0,4,200
0,R,0x80022800,4,200
0,R,0x80022840,4,200
0,R,0x80022880,4,200
0,R,0x800228c0,4,200
0,R,0x80022900,4,200
0,R,0x80022940,4,200
0,R,0x80022980,4,200
0,R,0x800229c0,4,200
0,R,0x80022a00,4,200
0,R,0x80022a40,4,200
0,R,0x80022a80,4,200
0,R,0x80022ac0,4,200
0,R,0x80022b00,4,200
0,R,0x80022b40,4,200
0,R,0x80022b80,4,200
0,R,0x80022bc0,4,200
0,R,0x80022c00,4,200
0,R,0x80022c40,4,200
0,R,0x80022c80,4,200
0,R,0x80022cc0,4,200
0,R,0x80022d00,4,200
0,R,0x80022d40,4,200
0,R,0x80022d80,4,200
0,R,0x80022dc0,4,200
0,R,0x80022e00,4,200
0,R,0x80022e40,4,200
0,R,0x80022e80,4,200
0,R,0x80022ec0,4,200
0,R,0x80022f00,4,200
0,R,0x80022f40,4,200
0,R,0x80022f80,4,200
0,R,0x80022fc0,4,200
0,R,0x80023000,4,200
0,R,0x80023040,4,200
0,R,0x80023080,4,200
0,R,0x800230c0,4,200
0,R,0x80023100,4,200
0,R,0x80023140,4,200
0,R,0x80023180,4,200
0,R,0x800231c0,4,200
0,R,0x80023200,4,200
0,R,0x80023240,4,200
0,R,0x80023280,4,200
0,R,0x800232c0,4,200
0,R,0x80023300,4,200
0,R,0x80023340,4,200
0,R,0x80023380,4,200
0,R,0x800233c0,4,200
0,R,0x80023400,4,200
0,R,0x80023440,4,200
0,R,0x80023480,4,200
0,R,0x800234c0,4,200
0,R,0x80023500,4,200
0,R,0x80023540,4,200
0,R,0x80023580,4,200
0,R,0x800235c0,4,200
0,R,0x80023600,4,200
0,R,0x80023640,4,200
0,R,0x80023680,4,200
0,R,0x800236c0,4,200
0,R,0x80023700,4,200
0,R,0x80023740,4,200
0,R,0x80023780,4,200
0,R,0x800237c0,4,200
0,R,0x80023800,4,200
0,R,0x80023840,4,200
0,R,0x80023880,4,200
0,R,0x800238c0,4,200
0,R,0x80023900,4,200
0,R,0x80023940,4,200
0,R,0x80023980,4,200
0,R,0x800239c0,4,200
0,R,0x80023a00,4,200
0,R,0x80023a40,4,200
0,R,0x80023a80,4,200
0,R,0x80023ac0,4,200
0,R,0x80023b00,4,200
0,R,0x80023b40,4,200
0,R,0x80023b80,4,200
0,R,0x80023bc0,4,200
0,R,0x80023c00,4,200
0,R,0x80023c40,4,200
0,R,0x80023c80,4,200
0,R,0x80023cc0,4,200
0,R,0x80023d00,4,200
0,R,0x80023d40,4,200
0,R,0x80023d80,4,200
0,R,0x80023dc0,4,200
0,R,0x80023e00,4,200
0,R,0x80023e40,4,200
0,R,0x80023e80,4,200
0,R,0x80023ec0,4,200
0,R,0x80023f00,4,200
0,R,0x80023f40,4,200
0,R,0x80023f80,4,200
0,R,0x80023fc0,4,200
0,R,0x80024000,4,200
0,R,0x80024040,4,200
0,R,0x80024080,4,200
0,R,0x800240c0,4,200
0,R,0x80024100,4,200
0,R,0x80024140,4,200
0,R,0x80024180,4,200
0,R,0x800241c0,4,200
0,R,0x80024200,4,200
0,R,0x80024240,4,200
0,R,0x80024280,4,200
0,R,0x800242c0,4,200
0,R,0x80024300,4,200
0,R,0x80024340,4,200
0,R,0x80024380,4,200
0,R,0x800243c0,4,200
0,R,0x80024400,4,200
0,R,0x80024440,4,200
0,R,0x80024480,4,200
0,R,0x800244c0,4,200
0,R,0x80024500,4,200
0,R,0x80024540,4,200
0,R,0x80024580,4,200
0,R,0x800245c0,4,200
0,R,0x80024600,4,200
0,R,0x80024640,4,200
0,R,0x80024680,4,200
0,R,0x800246c0,4,200
0,R,0x80024700,4,200
0,R,0x80024740,4,200
0,R,0x80024780,4,200
0,R,0x800247c0,4,200
0,R,0x80024800,4,200
0,R,0x80024840,4,200
0,R,0x80024880,4,200
0,R,0x800248c0,4,200
0,R,0x80024900,4,200
0,R,0x80024940,4,200
0,R,0x80024980,4,200
0,R,0x800249c0,4,200
0,R,0x80024a00,4,200
0,R,0x80024a40,4,200
0,R,0x80024a80,4,200
0,R,0x80024ac0,4,200
0,R,0x80024b00,4,200
0,R,0x80024b40,4,200
0,R,0x80024b80,4,200
0,R,0x80024bc0,4,200
0,R,0x80024c00,4,200
0,R,0x80024c40,4,200
0,R,0x80024c80,4,200
0,R,0x80024cc0,4,200
0,R,0x80024d00,4,200
0,R,0x80024d40,4,200
0,R,0x80024d80,4,200
0,R,0x80024dc0,4,200
0,R,0x80024e00,4,200
0,R,0x80024e40,4,200
0,R,0x80024e80,4,200
0,R,0x80024ec0,4,200
0,R,0x80024f00,4,200
0,R,0x80024f40,4,200
0,R,0x80024f80,4,200
0,R,0x80024fc0,4,200
0,R,0x80025000,4,200
0,R,0x80025040,4,200
0,R,0x80025080,4,200
0,R,0x800250c0,4,200
0,R,0x80025100,4,200
0,R,0x80025140,4,200
0,R,0x80025180,4,200
0,R,0x800251c0,4,200
0,R,0x80025200,4,200
0,R,0x80025240,4,200
0,R,0x80025280,4,200
0,R,0x800252c0,4,200
0,R,0x80025300,4,200
0,R,0x80025340,4,200
0,R,0x80025380,4,200
0,R,0x800253c0,4,200
0,R,0x80025400,4,200
0,R,0x80025440,4,200
0,R,0x80025480,4,200
0,R,0x800254c0,4,200
0,R,0x80025500,4,200
0,R,0x80025540,4,200
0,R,0x80025580,4,200
0,R,0x800255c0,4,200
0,R,0x80025600,4,200
0,R,0x80025640,4,200
0,R,0x80025680,4,200
0,R,0x800256c0,4,200
0,R,0x80025700,4,200
0,R,0x80025740,4,200
0,R,0x80025780,4,200
0,R,0x800257c0,4,200
0,R,0x80025800,4,200
0,R,0x80025840,4,200
0,R,0x80025880,4,200
0,R,0x800258c0,4,200
0,R,0x80025900,4,200
0,R,0x80025940,4,200
0,R,0x80025980,4,200
0,R,0x800259c0,4,200
0,R,0x80025a00,4,200
0,R,0x80025a40,4,200
0,R,0x80025a80,4,200
0,R,0x80025ac0,4,200
0,R,0x80025b00,4,200
0,R,0x80025b40,4,200
0,R,0x80025b80,4,200
0,R,0x80025bc0,4,200
0,R,0x80025c00,4,200
0,R,0x80025c40,4,200
0,R,0x80025c80,4,200
0,R,0x80025cc0,4,200
0,R,0x80025d00,4,200
0,R,0x80025d40,4,200
0,R,0x80025d80,4,200
0,R,0x80025dc0,4,200
0,R,0x80025e00,4,200
0,R,0x80025e40,4,200
0,R,0x80025e80,4,200
0,R,0x80025ec0,4,200
0,R,0x80025f00,4,200
0,R,0x80025f40,4,200
0,R,0x80025f80,4,200
0,R,0x80025fc0,4,200
0,R,0x80026000,4,200
0,R,0x80026040,4,200
0,R,0x80026080,4,200
0,R,0x800260c0,4,200
0,R,0x80026100,4,200
0,R,0x80026140,4,200
0,R,0x80026180,4,200
0,R,0x800261c0,4,200
0,R,0x80026200,4,200
0,R,0x80026240,4,200
0,R,0x80026280,4,200
0,R,0x800262c0,4,200
0,R,0x80026300,4,200
0,R,0x80026340,4,200
0,R,0x80026380,4,200
0,R,0x800263c0,4,200
0,R,0x80026400,4,200
0,R,0x80026440,4,200
0,R,0x80026480,4,200
0,R,0x800264c0,4,200
0,R,0x80026500,4,200
0,R,0x80026540,4,200
0,R,0x80026580,4,200
0,R,0x800265c0,4,200
0,R,0x80026600,4,200
0,R,0x80026640,4,200
0,R,0x80026680,4,200
0,R,0x800266c0,4,200
0,R,0x80026700,4,200
0,R,0x80026740,4,200
0,R,0x80026780,4,200
0,R,0x800267c0,4,200
0,R,0x80026800,4,200
0,R,0x80026840,4,200
0,R,0x80026880,4,200
0,R,0x800268c0,4,200
0,R,0x80026900,4,200
0,R,0x80026940,4,200
0,R,0x80026980,4,200
0,R,0x800269c0,4,200
0,R,0x80026a00,4,200
0,R,0x80026a40,4,200
0,R,0x80026a80,4,200
0,R,0x80026ac0,4,200
0,R,0x80026b00,4,200
0,R,0x80026b40,4,200
0,R,0x80026b80,4,200
0,R,0x80026bc0,4,200
0,R,0x80026c00,4,200
0,R,0x80026c40,4,200
0,R,0x80026c80,4,200
0,R,0x80026cc0,4,200
0,R,0x80026d00,4,200
0,R,0x80026d40,4,200
0,R,0x80026d80,4,200
0,R,0x80026dc0,4,200
0,R,0x80026e00,4,200
0,R,0x80026e40,4,200
0,R,0x80026e80,4,200
0,R,0x80026ec0,4,200
0,R,0x80026f00,4,200
0,R,0x80026f40,4,200
0,R,0x80026f80,4,200
0,R,0x80026fc0,4,200
0,R,0x80027000,4,200
0,R,0x80027040,4,200
0,R,0x80027080,4,200
0,R,0x800270c0,4,200
0,R,0x80027100,4,200
0,R,0x80027140,4,200
0,R,0x80027180,4,200
0,R,0x800271c0,4,200
0,R,0x80027200,4,200
0,R,0x80027240,4,200
0,R,0x80027280,4,200
0,R,0x800272c0,4,200
0,R,0x80027300,4,200
0,R,0x80027340,4,200
0,R,0x80027380,4,200
0,R,0x800273c0,4,200
0,R,0x80027400,4,200
0,R,0x80027440,4,200
0,R,0x80027480,4,200
0,R,0x800274c0,4,200
0,R,0x80027500,4,200
0,R,0x80027540,4,200
0,R,0x80027580,4,200
0,R,0x800275c0,4,200
0,R,0x80027600,4,200
0,R,0x80027640,4,200
0,R,0x80027680,4,200
0,R,0x800276c0,4,200
0,R,0x80027700,4,200
0,R,0x80027740,4,200
0,R,0x80027780,4,200
0,R,0x800277c0,4,200
0,R,0x80027800,4,200
0,R,0x80027840,4,200
0,R,0x80027880,4,200
0,R,0x800278c0,4,200
0,R,0x80027900,4,200
0,R,0x80027940,4,200
0,R,0x80027980,4,200
0,R,0x800279c0,4,200
0,R,0x80027a00,4,200
0,R,0x80027a40,4,200
0,R,0x80027a80,4,200
0,R,0x80027ac0,4,200
0,R,0x80027b00,4,200
0,R,0x80027b40,4,200
0,R,0x80027b80,4,200
0,R,0x80027bc0,4,200
0,R,0x80027c00,4,200
0,R,0x80027c40,4,200
0,R,0x80027c80,4,200
0,R,0x80027cc0,4,200
0,R,0x80027d00,4,200
0,R,0x80027d40,4,200
0,R,0x80027d80,4,200
0,R,0x80027dc0,4,200
0,R,0x80027e00,4,200
0,R,0x80027e40,4,200
0,R,0x80027e80,4,200
0,R,0x80027ec0,4,200
0,R,0x80027f00,4,200
0,R,0x80027f40,4,200
0,R,0x80027f80,4,200
0,R,0x80027fc0,4,200
0,R,0x80028000,4,200
0,R,0x80028040,4,200
0,R,0x80028080,4,200
0,R,0x800280c0,4,200
0,R,0x80028100,4,200
0,R,0x80028140,4,200
0,R,0x80028180,4,200
0,R,0x800281c0,4,200
0,R,0x80028200,4,200
0,R,0x80028240,4,200
0,R,0x80028280,4,200
0,R,0x800282c0,4,200
0,R,0x80028300,4,200
0,R,0x80028340,4,200
0,R,0x80028380,4,200
0,R,0x800283c0,4,200
0,R,0x80028400,4,200
0,R,0x80028440,4,200
0,R,0x80028480,4,200
0,R,0x800284c0,4,200
0,R,0x80028500,4,200
0,R,0x80028540,4,200
0,R,0x80028580,4,200
0,R,0x800285c0,4,200
0,R,0x80028600,4,200
0,R,0x80028640,4,200
0,R,0x80028680,4,200
0,R,0x800286c0,4,200
0,R,0x80028700,4,200
0,R,0x80028740,4,200
0,R,0x80028780,4,200
0,R,0x800287c0,4,200
0,R,0x80028800,4,200
0,R,0x80028840,4,200
0,R,0x80028880,4,200
0,R,0x800288c0,4,200
0,R,0x80028900,4,200
0,R,0x80028940,4,200
0,R,0x80028980,4,200
0,R,0x800289c0,4,200
0,R,0x80028a00,4,200
0,R,0x80028a40,4,200
0,R,0x80028a80,4,200
0,R,0x80028ac0,4,200
0,R,0x80028b00,4,200
0,R,0x80028b40,4,200
0,R,0x80028b80,4,200
0,R,0x80028bc0,4,200
0,R,0x80028c00,4,200
0,R,0x80028c40,4,200
0,R,0x80028c80,4,200
0,R,0x80028cc0,4,200
0,R,0x80028d00,4,200
0,R,0x80028d40,4,200
0,R,0x80028d80,4,200
0,R,0x80028dc0,4,200
0,R,0x80028e00,4,200
0,R,0x80028e40,4,200
0,R,0x80028e80,4,200
0,R,0x80028ec0,4,200
0,R,0x80028f00,4,200
0,R,0x80028f40,4,200
0,R,0x80028f80,4,200
0,R,0x80028fc0,4,200
0,R,0x80029000,4,200
0,R,0x80029040,4,200
0,R,0x80029080,4,200
0,R,0x800290c0,4,200
0,R,0x80029100,4,200
0,R,0x80029140,4,200
0,R,0x80029180,4,200
0,R,0x800291c0,4,200
0,R,0x80029200,4,200
0,R,0x80029240,4,200
0,R,0x80029280,4,200
0,R,0x800292c0,4,200
0,R,0x80029300,4,200
0,R,0x80029340,4,200
0,R,0x80029380,4,200
0,R,0x800293c0,4,200
0,R,0x80029400,4,200
0,R,0x80029440,4,200
0,R,0x80029480,4,200
0,R,0x800294c0,4,200
0,R,0x80029500,4,200
0,R,0x80029540,4,200
0,R,0x80029580,4,200
0,R,0x800295c0,4,200
0,R,0x80029600,4,200
0,R,0x80029640,4,200
0,R,0x80029680,4,200
0,R,0x800296c0,4,200
0,R,0x80029700,4,200
0,R,0x80029740,4,200
0,R,0x80029780,4,200
0,R,0x800297c0,4,200
0,R,0x80029800,4,200
0,R,0x80029840,4,200
0,R,0x80029880,4,200
0,R,0x800298c0,4,200
0,R,0x80029900,4,200
0,R,0x80029940,4,200
0,R,0x80029980,4,200
0,R,0x800299c0,4,200
0,R,0x80029a00,4,200
0,R,0x80029a40,4,200
0,R,0x80029a80,4,200
0,R,0x80029ac0,4,200
0,R,0x80029b00,4,200
0,R,0x80029b40,4,200
0,R,0x80029b80,4,200
0,R,0x80029bc0,4,200
0,R,0x80029c00,4,200
0,R,0x80029c40,4,200
0,R,0x80029c80,4,200
0,R,0x80029cc0,4,200
0,R,0x80029d00,4,200
0,R,0x80029d40,4,200
0,R,0x80029d80,4,200
0,R,0x80029dc0,4,200
0,R,0x80029e00,4,200
0,R,0x80029e40,4,200
0,R,0x80029e80,4,200
0,R,0x80029ec0,4,200
0,R,0x80029f00,4,200
0,R,0x80029f40,4,200
0,R,0x80029f80,4,200
0,R,0x80029fc0,4,200
0,R,0x8002a000,4,200
0,R,0x8002a040,4,200
0,R,0x8002a080,4,200
0,R,0x8002a0c0,4,200
0,R,0x8002a100,4,200
0,R,0x8002a140,4,200
0,R,0x8002a180,4,200
0,R,0x8002a1c0,4,200
0,R,0x8002a200,4,200
0,R,0x8002a240,4,200
0,R,0x8002a280,4,200
0,R,0x8002a2c0,4,200
0,R,0x8002a300,4,200
0,R,0x8002a340,4,200
0,R,0x8002a380,4,200
0,R,0x8002a3c0,4,200
0,R,0x8002a400,4,200
0,R,0x8002a440,4,200
0,R,0x8002a480,4,200
0,R,0x8002a4c0,4,200
0,R,0x8002a500,4,200
0,R,0x8002a540,4,200
0,R,0x8002a580,4,200
0,R,0x8002a5c0,4,200
0,R,0x8002a600,4,200
0,R,0x8002a640,4,200
0,R,0x8002a680,4,200
0,R,0x8002a6c0,4,200
0,R,0x8002a700,4,200
0,R,0x8002a740,4,200
0,R,0x8002a780,4,200
0,R,0x8002a7c0,4,200
0,R,0x8002a800,4,200
0,R,0x8002a840,4,200
0,R,0x8002a880,4,200
0,R,0x8002a8c0,4,200
0,R,0x8002a900,4,200
0,R,0x8002a940,4,200
0,R,0x8002a980,4,200
0,R,0x8002a9c0,4,200
0,R,0x8002aa00,4,200
0,R,0x8002aa40,4,200
0,R,0x8002aa80,4,200
0,R,0x8002aac0,4,200
0,R,0x8002ab00,4,200
0,R,0x8002ab40,4,200
0,R,0x8002ab80,4,200
0,R,0x8002abc0,4,200
0,R,0x8002ac00,4,200
0,R,0x8002ac40,4,200
0,R,0x8002ac80,4,200
0,R,0x8002acc0,4,200
0,R,0x8002ad00,4,200
0,R,0x8002ad40,4,200
0,R,0x8002ad80,4,200
0,R,0x8002adc0,4,200
0,R,0x8002ae00,4,200
0,R,0x8002ae40,4,200
0,R,0x8002ae80,4,200
0,R,0x8002aec0,4,200
0,R,0x8002af00,4,200
0,R,0x8002af40,4,200
0,R,0x8002af80,4,200
0,R,0x8002afc0,4,200
0,R,0x8002b000,4,200
0,R,0x8002b040,4,200
0,R,0x8002b080,4,200
0,R,0x8002b0c0,4,200
0,R,0x8002b100,4,200
0,R,0x8002b140,4,200
0,R,0x8002b180,4,200
0,R,0x8002b1c0,4,200
0,R,0x8002b200,4,200
0,R,0x8002b240,4,200
0,R,0x8002b280,4,200
0,R,0x8002b2c0,4,200
0,R,0x8002b300,4,200
0,R,0x8002b340,4,200
0,R,0x8002b380,4,200
0,R,0x8002b3c0,4,200
0,R,0x8002b400,4,200
0,R,0x8002b440,4,200
0,R,0x8002b480,4,200
0,R,0x8002b4c0,4,200
0,R,0x8002b500,4,200
0,R,0x8002b540,4,200
0,R,0x8002b580,4,200
0,R,0x8002b5c0,4,200
0,R,0x8002b600,4,200
0,R,0x8002b640,4,200
0,R,0x8002b680,4,200
0,R,0x8002b6c0,4,200
0,R,0x8002b700,4,200
0,R,0x8002b740,4,200
0,R,0x8002b780,4,200
0,R,0x8002b7c0,4,200
0,R,0x8002b800,4,200
0,R,0x8002b840,4,200
0,R,0x8002b880,4,200
0,R,0x8002b8c0,4,200
0,R,0x8002b900,4,200
0,R,0x8002b940,4,200
0,R,0x8002b980,4,200
0,R,0x8002b9c0,4,200
0,R,0x8002ba00,4,200
0,R,0x8002ba40,4,200
0,R,0x8002ba80,4,200
0,R,0x8002bac0,4,200
0,R,0x8002bb00,4,200
0,R,0x8002bb40,4,200
0,R,0x8002bb80,4,200
0,R,0x8002bbc0,4,200
0,R,0x8002bc00,4,200
0,R,0x8002bc40,4,200
0,R,0x8002bc80,4,200
0,R,0x8002bcc0,4,200
0,R,0x8002bd00,4,200
0,R,0x8002bd40,4,200
0,R,0x8002bd80,4,200
0,R,0x8002bdc0,4,200
0,R,0x8002be00,4,200
0,R,0x8002be40,4,200
0,R,0x8002be80,4,200
0,R,0x8002bec0,4,200
0,R,0x8002bf00,4,200
0,R,0x8002bf40,4,200
0,R,0x8002bf80,4,200
0,R,0x8002bfc0,4,200
0,R,0x8002c000,4,200
0,R,0x8002c040,4,200
0,R,0x8002c080,4,200
0,R,0x8002c0c0,4,200
0,R,0x8002c100,4,200
0,R,0x8002c140,4,200
0,R,0x8002c180,4,200
0,R,0x8002c1c0,4,200
0,R,0x8002c200,4,200
0,R,0x8002c240,4,200
0,R,0x8002c280,4,200
0,R,0x8002c2c0,4,200
0,R,0x8002c300,4,200
0,R,0x8002c340,4,200
0,R,0x8002c380,4,200
0,R,0x8002c3c0,4,200
0,R,0x8002c400,4,200
0,R,0x8002c440,4,200
0,R,0x8002c480,4,200
0,R,0x8002c4c0,4,200
0,R,0x8002c500,4,200
0,R,0x8002c540,4,200
0,R,0x8002c580,4,200
0,R,0x8002c5c0,4,200
0,R,0x8002c600,4,200
0,R,0x8002c640,4,200
0,R,0x8002c680,4,200
0,R,0x8002c6c0,4,200
0,R,0x8002c700,4,200
0,R,0x8002c740,4,200
0,R,0x8002c780,4,200
0,R,0x8002c7c0,4,200
0,R,0x8002c800,4,200
0,R,0x8002c840,4,200
0,R,0x8002c880,4,200
0,R,0x8002c8c0,4,200
0,R,0x8002c900,4,200
0,R,0x8002c940,4,200
0,R,0x8002c980,4,200
0,R,0x8002c9c0,4,200
0,R,0x8002ca00,4,200
0,R,0x8002ca40,4,200
0,R,0x8002ca80,4,200
0,R,0x8002cac0,4,200
0,R,0x8002cb00,4,200
0,R,0x8002cb40,4,200
0,R,0x8002cb80,4,200
0,R,0x8002cbc0,4,200
0,R,0x8002cc00,4,200
0,R,0x8002cc40,4,200
0,R,0x8002cc80,4,200
0,R,0x8002ccc0,4,200
0,R,0x8002cd00,4,200
0,R,0x8002cd40,4,200
0,R,0x8002cd80,4,200
0,R,0x8002cdc0,4,200
0,R,0x8002ce00,4,200
0,R,0x8002ce40,4,200
0,R,0x8002ce80,4,200
0,R,0x8002cec0,4,200
0,R,0x8002cf00,4,200
0,R,0x8002cf40,4,200
0,R,0x8002cf80,4,200
0,R,0x8002cfc0,4,200
0,R,0x8002d000,4,200
0,R,0x8002d040,4,200
0,R,0x8002d080,4,200
0,R,0x8002d0c0,4,200
0,R,0x8002d100,4,200
0,R,0x8002d140,4,200
0,R,0x8002d180,4,200
0,R,0x8002d1c0,4,200
0,R,0x8002d200,4,200
0,R,0x8002d240,4,200
0,R,0x8002d280,4,200
0,R,0x8002d2c0,4,200
0,R,0x8002d300,4,200
0,R,0x8002d340,4,200
0,R,0x8002d380,4,200
0,R,0x8002d3c0,4,200
0,R,0x8002d400,4,200
0,R,0x8002d440,4,200
0,R,0x8002d480,4,200
0,R,0x8002d4c0,4,200
0,R,0x8002d500,4,200
0,R,0x8002d540,4,200
0,R,0x8002d580,4,200
0,R,0x8002d5c0,4,200
0,R,0x8002d600,4,200
0,R,0x8002d640,4,200
0,R,0x8002d680,4,200
0,R,0x8002d6c0,4,200
0,R,0x8002d700,4,200
0,R,0x8002d740,4,200
0,R,0x8002d780,4,200
0,R,0x8002d7c0,4,200
0,R,0x8002d800,4,200
0,R,0x8002d840,4,200
0,R,0x8002d880,4,200
0,R,0x8002d8c0,4,200
0,R,0x8002d900,4,200
0,R,0x8002d940,4,200
0,R,0x8002d980,4,200
0,R,0x8002d9c0,4,200
0,R,0x8002da00,4,200
0,R,0x8002da40,4,200
0,R,0x8002da80,4,200
0,R,0x8002dac0,4,200
0,R,0x8002db00,4,200
0,R,0x8002db40,4,200
0,R,0x8002db80,4,200
0,R,0x8002dbc0,4,200
0,R,0x8002dc00,4,200
0,R,0x8002dc40,4,200
0,R,0x8002dc80,4,200
0,R,0x8002dcc0,4,200
0,R,0x8002dd00,4,200
0,R,0x8002dd40,4,200
0,R,0x8002dd80,4,200
0,R,0x8002ddc0,4,200
0,R,0x8002de00,4,200
0,R,0x8002de40,4,200
0,R,0x8002de80,4,200
0,R,0x8002dec0,4,200
0,R,0x8002df00,4,200
0,R,0x8002df40,4,200
0,R,0x8002df80,4,200
0,R,0x8002dfc0,4,200
0,R,0x8002e000,4,200
0,R,0x8002e040,4,200
0,R,0x8002e080,4,200
0,R,0x8002e0c0,4,200
0,R,0x8002e100,4,200
0,R,0x8002e140,4,200
0,R,0x8002e180,4,200
0,R,0x8002e1c0,4,200
0,R,0x8002e200,4,200
0,R,0x8002e240,4,200
0,R,0x8002e280,4,200
0,R,0x8002e2c0,4,200
0,R,0x8002e300,4,200
0,R,0x8002e340,4,200
0,R,0x8002e380,4,200
0,R,0x8002e3c0,4,200
0,R,0x8002e400,4,200
0,R,0x8002e440,4,200
0,R,0x8002e480,4,200
0,R,0x8002e4c0,4,200
0,R,0x8002e500,4,200
0,R,0x8002e540,4,200
0,R,0x8002e580,4,200
0,R,0x8002e5c0,4,200
0,R,0x8002e600,4,200
0,R,0x8002e640,4,200
0,R,0x8002e680,4,200
0,R,0x8002e6c0,4,200
0,R,0x8002e700,4,200
0,R,0x8002e740,4,200
0,R,0x8002e780,4,200
0,R,0x8002e7c0,4,200
0,R,0x8002e800,4,200
0,R,0x8002e840,4,200
0,R,0x8002e880,4,200
0,R,0x8002e8c0,4,200
0,R,0x8002e900,4,200
0,R,0x8002e940,4,200
0,R,0x8002e980,4,200
0,R,0x8002e9c0,4,200
0,R,0x8002ea00,4,200
0,R,0x8002ea40,4,200
0,R,0x8002ea80,4,200
0,R,0x8002eac0,4,200
0,R,0x8002eb00,4,200
0,R,0x8002eb40,4,200
0,R,0x8002eb80,4,200
0,R,0x8002ebc0,4,200
0,R,0x8002ec00,4,200
0,R,0x8002ec40,4,200
0,R,0x8002ec80,4,200
0,R,0x8002ecc0,4,200
0,R,0x8002ed00,4,200
0,R,0x8002ed40,4,200
0,R,0x8002ed80,4,200
0,R,0x8002edc0,4,200
0,R,0x8002ee00,4,200
0,R,0x8002ee40,4,200
0,R,0x8002ee80,4,200
0,R,0x8002eec0,4,200
0,R,0x8002ef00,4,200
0,R,0x8002ef40,4,200
0,R,0x8002ef80,4,200
0,R,0x8002efc0,4,200
0,R,0x8002f000,4,200
0,R,0x8002f040,4,200
0,R,0x8002f080,4,200
0,R,0x8002f0c0,4,200
0,R,0x8002f100,4,200
0,R,0x8002f140,4,200
0,R,0x8002f180,4,200
0,R,0x8002f1c0,4,200
0,R,0x8002f200,4,200
0,R,0x8002f240,4,200
0,R,0x8002f280,4,200
0,R,0x8002f2c0,4,200
0,R,0x8002f300,4,200
0,R,0x8002f340,4,200
0,R,0x8002f380,4,200
0,R,0x8002f3c0,4,200
0,R,0x8002f400,4,200
0,R,0x8002f440,4,200
0,R,0x8002f480,4,200
0,R,0x8002f4c0,4,200
0,R,0x8002f500,4,200
0,R,0x8002f540,4,200
0,R,0x8002f580,4,200
0,R,0x8002f5c0,4,200
0,R,0x8002f600,4,200
0,R,0x8002f640,4,200
0,R,0x8002f680,4,200
0,R,0x8002f6c0,4,200
0,R,0x8002f700,4,200
0,R,0x8002f740,4,200
0,R,0x8002f780,4,200
0,R,0x8002f7c0,4,200
0,R,0x8002f800,4,200
0,R,0x8002f840,4,200
0,R,0x8002f880,4,200
0,R,0x8002f8c0,4,200
0,R,0x8002f900,4,200
0,R,0x8002f940,4,200
0,R,0x8002f980,4,200
0,R,0x8002f9c0,4,200
0,R,0x8002fa00,4,200
0,R,0x8002fa40,4,200
0,R,0x8002fa80,4,200
0,R,0x8002fac0,4,200
0,R,0x8002fb00,4,200
0,R,0x8002fb40,4,200
0,R,0x8002fb80,4,200
0,R,0x8002fbc0,4,200
0,R,0x8002fc00,4,200
0,R,0x8002fc40,4,200
0,R,0x8002fc80,4,200
0,R,0x8002fcc0,4,200
0,R,0x8002fd00,4,200
0,R,0x8002fd40,4,200
0,R,0x8002fd80,4,200
0,R,0x8002fdc0,4,200
0,R,0x8002fe00,4,200
0,R,0x8002fe40,4,200
0,R,0x8002fe80,4,200
0,R,0x8002fec0,4,200
0,R,0x8002ff00,4,200
0,R,0x8002ff40,4,200
0,R,0x8002ff80,4,200
0,R,0x8002ffc0,4,200
0,R,0x80030000,4,200
0,R,0x80030040,4,200
0,R,0x80030080,4,200
0,R,0x800300c0,4,200
0,R,0x80030100,4,200
0,R,0x80030140,4,200
0,R,0x80030180,4,200
0,R,0x800301c0,4,200
0,R,0x80030200,4,200
0,R,0x80030240,4,200
0,R,0x80030280,4,200
0,R,0x800302c0,4,200
0,R,0x80030300,4,200
0,R,0x80030340,4,200
0,R,0x80030380,4,200
0,R,0x800303c0,4,200
0,R,0x80030400,4,200
0,R,0x80030440,4,200
0,R,0x80030480,4,200
0,R,0x800304c0,4,200
0,R,0x80030500,4,200
0,R,0x80030540,4,200
0,R,0x80030580,4,200
0,R,0x800305c0,4,200
0,R,0x80030600,4,200
0,R,0x80030640,4,200
0,R,0x80030680,4,200
0,R,0x800306c0,4,200
0,R,0x80030700,4,200
0,R,0x80030740,4,200
0,R,0x80030780,4,200
0,R,0x800307c0,4,200
0,R,0x80030800,4,200
0,R,0x80030840,4,200
0,R,0x80030880,4,200
0,R,0x800308c0,4,200
0,R,0x80030900,4,200
0,R,0x80030940,4,200
0,R,0x80030980,4,200
0,R,0x800309c0,4,200
0,R,0x80030a00,4,200
0,R,0x80030a40,4,200
0,R,0x80030a80,4,200
0,R,0x80030ac0,4,200
0,R,0x80030b00,4,200
0,R,0x80030b40,4,200
0,R,0x80030b80,4,200
0,R,0x80030bc0,4,200
0,R,0x80030c00,4,200
0,R,0x80030c40,4,200
0,R,0x80030c80,4,200
0,R,0x80030cc0,4,200
0,R,0x80030d00,4,200
0,R,0x80030d40,4,200
0,R,0x80030d80,4,200
0,R,0x80030dc0,4,200
0,R,0x80030e00,4,200
0,R,0x80030e40,4,200
0,R,0x80030e80,4,200
0,R,0x80030ec0,4,200
0,R,0x80030f00,4,200
0,R,0x80030f40,4,200
0,R,0x80030f80,4,200
0,R,0x80030fc0,4,200
0,R,0x80031000,4,200
0,R,0x80031040,4,200
0,R,0x80031080,4,200
0,R,0x800310c0,4,200
0,R,0x80031100,4,200
0,R,0x80031140,4,200
0,R,0x80031180,4,200
0,R,0x800311c0,4,200
0,R,0x80031200,4,200
0,R,0x80031240,4,200
0,R,0x80031280,4,200
0,R,0x800312c0,4,200
0,R,0x80031300,4,200
0,R,0x80031340,4,200
0,R,0x80031380,4,200
0,R,0x800313c0,4,200
0,R,0x80031400,4,200
0,R,0x80031440,4,200
0,R,0x80031480,4,200
0,R,0x800314c0,4,200
0,R,0x80031500,4,200
0,R,0x80031540,4,200
0,R,0x80031580,4,200
0,R,0x800315c0,4,200
0,R,0x80031600,4,200
0,R,0x80031640,4,200
0,R,0x80031680,4,200
0,R,0x800316c0,4,200
0,R,0x80031700,4,200
0,R,0x80031740,4,200
0,R,0x80031780,4,200
0,R,0x800317c0,4,200
0,R,0x80031800,4,200
0,R,0x80031840,4,200
0,R,0x80031880,4,200
0,R,0x800318c0,4,200
0,R,0x80031900,4,200
0,R,0x80031940,4,200
0,R,0x80031980,4,200
0,R,0x800319c0,4,200
0,R,0x80031a00,4,200
0,R,0x80031a40,4,200
0,R,0x80031a80,4,200
0,R,0x80031ac0,4,200
0,R,0x80031b00,4,200
0,R,0x80031b40,4,200
0,R,0x80031b80,4,200
0,R,0x80031bc0,4,200
0,R,0x80031c00,4,200
0,R,0x80031c40,4,200
0,R,0x80031c80,4,200
0,R,0x80031cc0,4,200
0,R,0x80031d00,4,200
0,R,0x80031d40,4,200
0,R,0x80031d80,4,200
0,R,0x80031dc0,4,200
0,R,0x80031e00,4,200
0,R,0x80031e40,4,200
0,R,0x80031e80,4,200
0,R,0x80031ec0,4,200
0,R,0x80031f00,4,200
0,R,0x80031f40,4,200
0,R,0x80031f80,4,200
0,R,0x80031fc0,4,200
0,R,0x80032000,4,200
0,R,0x80032040,4,200
0,R,0x80032080,4,200
0,R,0x800320c0,4,200
0,R,0x80032100,4,200
0,R,0x80032140,4,200
0,R,0x80032180,4,200
0,R,0x800321c0,4,200
0,R,0x80032200,4,200
0,R,0x80032240,4,200
0,R,0x80032280,4,200
0,R,0x800322c0,4,200
0,R,0x80032300,4,200
0,R,0x80032340,4,200
0,R,0x80032380,4,200
0,R,0x800323c0,4,200
0,R,0x80032400,4,200
0,R,0x80032440,4,200
0,R,0x80032480,4,200
0,R,0x800324c0,4,200
0,R,0x80032500,4,200
0,R,0x80032540,4,200
0,R,0x80032580,4,200
0,R,0x800325c0,4,200
0,R,0x80032600,4,200
0,R,0x80032640,4,200
0,R,0x80032680,4,200
0,R,0x800326c0,4,200
0,R,0x80032700,4,200
0,R,0x80032740,4,200
0,R,0x80032780,4,200
0,R,0x800327c0,4,200
0,R,0x80032800,4,200
0,R,0x80032840,4,200
0,R,0x80032880,4,200
0,R,0x800328c0,4,200
0,R,0x80032900,4,200
0,R,0x80032940,4,200
0,R,0x80032980,4,200
0,R,0x800329c0,4,200
0,R,0x80032a00,4,200
0,R,0x80032a40,4,200
0,R,0x80032a80,4,200
0,R,0x80032ac0,4,200
0,R,0x80032b00,4,200
0,R,0x80032b40,4,200
0,R,0x80032b80,4,200
0,R,0x80032bc0,4,200
0,R,0x80032c00,4,200
0,R,0x80032c40,4,200
0,R,0x80032c80,4,200
0,R,0x80032cc0,4,200
0,R,0x80032d00,4,200
0,R,0x80032d40,4,200
0,R,0x80032d80,4,200
0,R,0x80032dc0,4,200
0,R,0x80032e00,4,200
0,R,0x80032e40,4,200
0,R,0x80032e80,4,200
0,R,0x80032ec0,4,200
0,R,0x80032f00,4,200
0,R,0x80032f40,4,200
0,R,0x80032f80,4,200
0,R,0x80032fc0,4,200
0,R,0x80033000,4,200
0,R,0x80033040,4,200
0,R,0x80033080,4,200
0,R,0x800330c0,4,200
0,R,0x80033100,4,200
0,R,0x80033140,4,200
0,R,0x80033180,4,200
0,R,0x800331c0,4,200
0,R,0x80033200,4,200
0,R,0x80033240,4,200
0,R,0x80033280,4,200
0,R,0x800332c0,4,200
0,R,0x80033300,4,200
0,R,0x80033340,4,200
0,R,0x80033380,4,200
0,R,0x800333c0,4,200
0,R,0x80033400,4,200
0,R,0x80033440,4,200
0,R,0x80033480,4,200
0,R,0x800334c0,4,200
0,R,0x80033500,4,200
0,R,0x80033540,4,200
0,R,0x80033580,4,200
0,R,0x800335c0,4,200
0,R,0x80033600,4,200
0,R,0x80033640,4,200
0,R,0x80033680,4,200
0,R,0x800336c0,4,200
0,R,0x80033700,4,200
0,R,0x80033740,4,200
0,R,0x80033780,4,200
0,R,0x800337c0,4,200
0,R,0x80033800,4,200
0,R,0x80033840,4,200
0,R,0x80033880,4,200
0,R,0x800338c0,4,200
0,R,0x80033900,4,200
0,R,0x80033940,4,200
0,R,0x80033980,4,200
0,R,0x800339c0,4,200
0,R,0x80033a00,4,200
0,R,0x80033a40,4,200
0,R,0x80033a80,4,200
0,R,0x80033ac0,4,200
0,R,0x80033b00,4,200
0,R,0x80033b40,4,200
0,R,0x80033b80,4,200
0,R,0x80033bc0,4,200
0,R,0x80033c00,4,200
0,R,0x80033c40,4,200
0,R,0x80033c80,4,200
0,R,0x80033cc0,4,200
0,R,0x80033d00,4,200
0,R,0x80033d40,4,200
0,R,0x80033d80,4,200
0,R,0x80033dc0,4,200
0,R,0x80033e00,4,200
0,R,0x80033e40,4,200
0,R,0x80033e80,4,200
0,R,0x80033ec0,4,200
0,R,0x80033f00,4,200
0,R,0x80033f40,4,200
0,R,0x80033f80,4,200
0,R,0x80033fc0,4,200
0,R,0x80034000,4,200
0,R,0x80034040,4,200
0,R,0x80034080,4,200
0,R,0x800340c0,4,200
0,R,0x80034100,4,200
0,R,0x80034140,4,200
0,R,0x80034180,4,200
0,R,0x800341c0,4,200
0,R,0x80034200,4,200
0,R,0x80034240,4,200
0,R,0x80034280,4,200
0,R,0x800342c0,4,200
0,R,0x80034300,4,200
0,R,0x80034340,4,200
0,R,0x80034380,4,200
0,R,0x800343c0,4,200
0,R,0x80034400,4,200
0,R,0x80034440,4,200
0,R,0x80034480,4,200
0,R,0x800344c0,4,200
0,R,0x80034500,4,200
0,R,0x80034540,4,200
0,R,0x80034580,4,200
0,R,0x800345c0,4,200
0,R,0x80034600,4,200
0,R,0x80034640,4,200
0,R,0x80034680,4,200
0,R,0x800346c0,4,200
0,R,0x80034700,4,200
0,R,0x80034740,4,200
0,R,0x80034780,4,200
0,R,0x800347c0,4,200
0,R,0x80034800,4,200
0,R,0x80034840,4,200
0,R,0x80034880,4,200
0,R,0x800348c0,4,200
0,R,0x80034900,4,200
0,R,0x80034940,4,200
0,R,0x80034980,4,200
0,R,0x800349c0,4,200
0,R,0x80034a00,4,200
0,R,0x80034a40,4,200
0,R,0x80034a80,4,200
0,R,0x80034ac0,4,200
0,R,0x80034b00,4,200
0,R,0x80034b40,4,200
0,R,0x80034b80,4,200
0,R,0x80034bc0,4,200
0,R,0x80034c00,4,200
0,R,0x80034c40,4,200
0,R,0x80034c80,4,200
0,R,0x80034cc0,4,200
0,R,0x80034d00,4,200
0,R,0x80034d40,4,200
0,R,0x80034d80,4,200
0,R,0x80034dc0,4,200
0,R,0x80034e00,4,200
0,R,0x80034e40,4,200
0,R,0x80034e80,4,200
0,R,0x80034ec0,4,200
0,R,0x80034f00,4,200
0,R,0x80034f40,4,200
0,R,0x80034f80,4,200
0,R,0x80034fc0,4,200
0,R,0x80035000,4,200
0,R,0x80035040,4,200
0,R,0x80035080,4,200
0,R,0x800350c0,4,200
0,R,0x80035100,4,200
0,R,0x80035140,4,200
0,R,0x80035180,4,200
0,R,0x800351c0,4,200
0,R,0x80035200,4,200
0,R,0x80035240,4,200
0,R,0x80035280,4,200
0,R,0x800352c0,4,200
0,R,0x80035300,4,200
0,R,0x80035340,4,200
0,R,0x80035380,4,200
0,R,0x800353c0,4,200
0,R,0x80035400,4,200
0,R,0x80035440,4,200
0,R,0x80035480,4,200
0,R,0x800354c0,4,200
0,R,0x80035500,4,200
0,R,0x80035540,4,200
0,R,0x80035580,4,200
0,R,0x800355c0,4,200
0,R,0x80035600,4,200
0,R,0x80035640,4,200
0,R,0x80035680,4,200
0,R,0x800356c0,4,200
0,R,0x80035700,4,200
0,R,0x80035740,4,200
0,R,0x80035780,4,200
0,R,0x800357c0,4,200
0,R,0x80035800,4,200
0,R,0x80035840,4,200
0,R,0x80035880,4,200
0,R,0x800358c0,4,200
0,R,0x80035900,4,200
0,R,0x80035940,4,200
0,R,0x80035980,4,200
0,R,0x800359c0,4,200
0,R,0x80035a00,4,200
0,R,0x80035a40,4,200
0,R,0x80035a80,4,200
0,R,0x80035ac0,4,200
0,R,0x80035b00,4,200
0,R,0x80035b40,4,200
0,R,0x80035b80,4,200
0,R,0x80035bc0,4,200
0,R,0x80035c00,4,200
0,R,0x80035c40,4,200
0,R,0x80035c80,4,200
0,R,0x80035cc0,4,200
0,R,0x80035d00,4,200
0,R,0x80035d40,4,200
0,R,0x80035d80,4,200
0,R,0x80035dc0,4,200
0,R,0x80035e00,4,200
0,R,0x80035e40,4,200
0,R,0x80035e80,4,200
0,R,0x80035ec0,4,200
0,R,0x80035f00,4,200
0,R,0x80035f40,4,200
0,R,0x80035f80,4,200
0,R,0x80035fc0,4,200
0,R,0x80036000,4,200
0,R,0x80036040,4,200
0,R,0x80036080,4,200
0,R,0x800360c0,4,200
0,R,0x80036100,4,200
0,R,0x80036140,4,200
0,R,0x80036180,4,200
0,R,0x800361c0,4,200
0,R,0x80036200,4,200
0,R,0x80036240,4,200
0,R,0x80036280,4,200
0,R,0x800362c0,4,200
0,R,0x80036300,4,200
0,R,0x80036340,4,200
0,R,0x80036380,4,200
0,R,0x800363c0,4,200
0,R,0x80036400,4,200
0,R,0x80036440,4,200
0,R,0x80036480,4,200
0,R,0x800364c0,4,200
0,R,0x80036500,4,200
0,R,0x80036540,4,200
0,R,0x80036580,4,200
0,R,0x800365c0,4,200
0,R,0x80036600,4,200
0,R,0x80036640,4,200
0,R,0x80036680,4,200
0,R,0x800366c0,4,200
0,R,0x80036700,4,200
0,R,0x80036740,4,200
0,R,0x80036780,4,200
0,R,0x800367c0,4,200
0,R,0x80036800,4,200
0,R,0x80036840,4,200
0,R,0x80036880,4,200
0,R,0x800368c0,4,200
0,R,0x80036900,4,200
0,R,0x80036940,4,200
0,R,0x80036980,4,200
0,R,0x800369c0,4,200
0,R,0x80036a00,4,200
0,R,0x80036a40,4,200
0,R,0x80036a80,4,200
0,R,0x80036ac0,4,200
0,R,0x80036b00,4,200
0,R,0x80036b40,4,200
0,R,0x80036b80,4,200
0,R,0x80036bc0,4,200
0,R,0x80036c00,4,200
0,R,0x80036c40,4,200
0,R,0x80036c80,4,200
0,R,0x80036cc0,4,200
0,R,0x80036d00,4,200
0,R,0x80036d40,4,200
0,R,0x80036d80,4,200
0,R,0x80036dc0,4,200
0,R,0x80036e00,4,200
0,R,0x80036e40,4,200
0,R,0x80036e80,4,200
0,R,0x80036ec0,4,200
0,R,0x80036f00,4,200
0,R,0x80036f40,4,200
0,R,0x80036f80,4,200
0,R,0x80036fc0,4,200
0,R,0x80037000,4,200
0,R,0x80037040,4,200
0,R,0x80037080,4,200
0,R,0x800370c0,4,200
0,R,0x80037100,4,200
0,R,0x80037140,4,200
0,R,0x80037180,4,200
0,R,0x800371c0,4,200
0,R,0x80037200,4,200
0,R,0x80037240,4,200
0,R,0x80037280,4,200
0,R,0x800372c0,4,200
0,R,0x80037300,4,200
0,R,0x80037340,4,200
0,R,0x80037380,4,200
0,R,0x800373c0,4,200
0,R,0x80037400,4,200
0,R,0x80037440,4,200
0,R,0x80037480,4,200
0,R,0x800374c0,4,200
0,R,0x80037500,4,200
0,R,0x80037540,4,200
0,R,0x80037580,4,200
0,R,0x800375c0,4,200
0,R,0x80037600,4,200
0,R,0x80037640,4,200
0,R,0x80037680,4,200
0,R,0x800376c0,4,200
0,R,0x80037700,4,200
0,R,0x80037740,4,200
0,R,0x80037780,4,200
0,R,0x800377c0,4,200
0,R,0x80037800,4,200
0,R,0x80037840,4,200
0,R,0x80037880,4,200
0,R,0x800378c0,4,200
0,R,0x80037900,4,200
0,R,0x80037940,4,200
0,R,0x80037980,4,200
0,R,0x800379c0,4,200
0,R,0x80037a00,4,200
0,R,0x80037a40,4,200
0,R,0x80037a80,4,200
0,R,0x80037ac0,4,200
0,R,0x80037b00,4,200
0,R,0x80037b40,4,200
0,R,0x80037b80,4,200
0,R,0x80037bc0,4,200
0,R,0x80037c00,4,200
0,R,0x80037c40,4,200
0,R,0x80037c80,4,200
0,R,0x80037cc0,4,200
0,R,0x80037d00,4,200
0,R,0x80037d40,4,200
0,R,0x80037d80,4,200
0,R,0x80037dc0,4,200
0,R,0x80037e00,4,200
0,R,0x80037e40,4,200
0,R,0x80037e80,4,200
0,R,0x80037ec0,4,200
0,R,0x80037f00,4,200
0,R,0x80037f40,4,200
0,R,0x80037f80,4,200
0,R,0x80037fc0,4,200
0,R,0x80038000,4,200
0,R,0x80038040,4,200
0,R,0x80038080,4,200
0,R,0x800380c0,4,200
0,R,0x80038100,4,200
0,R,0x80038140,4,200
0,R,0x80038180,4,200
0,R,0x800381c0,4,200
0,R,0x80038200,4,200
0,R,0x80038240,4,200
0,R,0x80038280,4,200
0,R,0x800382c0,4,200
0,R,0x80038300,4,200
0,R,0x80038340,4,200
0,R,0x80038380,4,200
0,R,0x800383c0,4,200
0,R,0x80038400,4,200
0,R,0x80038440,4,200
0,R,0x80038480,4,200
0,R,0x800384c0,4,200
0,R,0x80038500,4,200
0,R,0x80038540,4,200
0,R,0x80038580,4,200
0,R,0x800385c0,4,200
0,R,0x80038600,4,200
0,R,0x80038640,4,200
0,R,0x80038680,4,200
0,R,0x800386c0,4,200
0,R,0x80038700,4,200
0,R,0x80038740,4,200
0,R,0x80038780,4,200
0,R,0x800387c0,4,200
0,R,0x80038800,4,200
0,R,0x80038840,4,200
0,R,0x80038880,4,200
0,R,0x800388c0,4,200
0,R,0x80038900,4,200
0,R,0x80038940,4,200
0,R,0x80038980,4,200
0,R,0x800389c0,4,200
0,R,0x80038a00,4,200
0,R,0x80038a40,4,200
0,R,0x80038a80,4,200
0,R,0x80038ac0,4,200
0,R,0x80038b00,4,200
0,R,0x80038b40,4,200
0,R,0x80038b80,4,200
0,R,0x80038bc0,4,200
0,R,0x80038c00,4,200
0,R,0x80038c40,4,200
0,R,0x80038c80,4,200
0,R,0x80038cc0,4,200
0,R,0x80038d00,4,200
0,R,0x80038d40,4,200
0,R,0x80038d80,4,200
0,R,0x80038dc0,4,200
0,R,0x80038e00,4,200
0,R,0x80038e40,4,200
0,R,0x80038e80,4,200
0,R,0x80038ec0,4,200
0,R,0x80038f00,4,200
0,R,0x80038f40,4,200
0,R,0x80038f80,4,200
0,R,0x80038fc0,4,200
0,R,0x80039000,4,200
0,R,0x80039040,4,200
0,R,0x80039080,4,200
0,R,0x800390c0,4,200
0,R,0x80039100,4,200
0,R,0x80039140,4,200
0,R,0x80039180,4,200
0,R,0x800391c0,4,200
0,R,0x80039200,4,200
0,R,0x80039240,4,200
0,R,0x80039280,4,200
0,R,0x800392c0,4,200
0,R,0x80039300,4,200
0,R,0x80039340,4,200
0,R,0x80039380,4,200
0,R,0x800393c0,4,200
0,R,0x80039400,4,200
0,R,0x80039440,4,200
0,R,0x80039480,4,200
0,R,0x800394c0,4,200
0,R,0x80039500,4,200
0,R,0x80039540,4,200
0,R,0x80039580,4,200
0,R,0x800395c0,4,200
0,R,0x80039600,4,200
0,R,0x80039640,4,200
0,R,0x80039680,4,200
0,R,0x800396c0,4,200
0,R,0x80039700,4,200
0,R,0x80039740,4,200
0,R,0x80039780,4,200
0,R,0x800397c0,4,200
0,R,0x80039800,4,200
0,R,0x80039840,4,200
0,R,0x80039880,4,200
0,R,0x800398c0,4,200
0,R,0x80039900,4,200
0,R,0x80039940,4,200
0,R,0x80039980,4,200
0,R,0x800399c0,4,200
0,R,0x80039a00,4,200
0,R,0x80039a40,4,200
0,R,0x80039a80,4,200
0,R,0x80039ac0,4,200
0,R,0x80039b00,4,200
0,R,0x80039b40,4,200
0,R,0x80039b80,4,200
0,R,0x80039bc0,4,200
0,R,0x80039c00,4,200
0,R,0x80039c40,4,200
0,R,0x80039c80,4,200
0,R,0x80039cc0,4,200
0,R,0x80039d00,4,200
0,R,0x80039d40,4,200
0,R,0x80039d80,4,200
0,R,0x80039dc0,4,200
0,R,0x80039e00,4,200
0,R,0x80039e40,4,200
0,R,0x80039e80,4,200
0,R,0x80039ec0,4,200
0,R,0x80039f00,4,200
0,R,0x80039f40,4,200
0,R,0x80039f80,4,200
0,R,0x80039fc0,4,200
0,R,0x8003a000,4,200
0,R,0x8003a040,4,200
0,R,0x8003a080,4,200
0,R,0x8003a0c0,4,200
0,R,0x8003a100,4,200
0,R,0x8003a140,4,200
0,R,0x8003a180,4,200
0,R,0x8003a1c0,4,200
0,R,0x8003a200,4,200
0,R,0x8003a240,4,200
0,R,0x8003a280,4,200
0,R,0x8003a2c0,4,200
0,R,0x8003a300,4,200
0,R,0x8003a340,4,200
0,R,0x8003a380,4,200
0,R,0x8003a3c0,4,200
0,R,0x8003a400,4,200
0,R,0x8003a440,4,200
0,R,0x8003a480,4,200
0,R,0x8003a4c0,4,200
0,R,0x8003a500,4,200
0,R,0x8003a540,4,200
0,R,0x8003a580,4,200
0,R,0x8003a5c0,4,200
0,R,0x8003a600,4,200
0,R,0x8003a640,4,200
0,R,0x8003a680,4,200
0,R,0x8003a6c0,4,200
0,R,0x8003a700,4,200
0,R,0x8003a740,4,200
0,R,0x8003a780,4,200
0,R,0x8003a7c0,4,200
0,R,0x8003a800,4,200
0,R,0x8003a840,4,200
0,R,0x8003a880,4,200
0,R,0x8003a8c0,4,200
0,R,0x8003a900,4,200
0,R,0x8003a940,4,200
0,R,0x8003a980,4,200
0,R,0x8003a9c0,4,200
0,R,0x8003aa00,4,200
0,R,0x8003aa40,4,200
0,R,0x8003aa80,4,200
0,R,0x8003aac0,4,200
0,R,0x8003ab00,4,200
0,R,0x8003ab40,4,200
0,R,0x8003ab80,4,200
0,R,0x8003abc0,4,200
0,R,0x8003ac00,4,200
0,R,0x8003ac40,4,200
0,R,0x8003ac80,4,200
0,R,0x8003acc0,4,200
0,R,0x8003ad00,4,200
0,R,0x8003ad40,4,200
0,R,0x8003ad80,4,200
0,R,0x8003adc0,4,200
0,R,0x8003ae00,4,200
0,R,0x8003ae40,4,200
0,R,0x8003ae80,4,200
0,R,0x8003aec0,4,200
0,R,0x8003af00,4,200
0,R,0x8003af40,4,200
0,R,0x8003af80,4,200
0,R,0x8003afc0,4,200
0,R,0x8003b000,4,200
0,R,0x8003b040,4,200
0,R,0x8003b080,4,200
0,R,0x8003b0c0,4,200
0,R,0x8003b100,4,200
0,R,0x8003b140,4,200
0,R,0x8003b180,4,200
0,R,0x8003b1c0,4,200
0,R,0x8003b200,4,200
0,R,0x8003b240,4,200
0,R,0x8003b280,4,200
0,R,0x8003b2c0,4,200
0,R,0x8003b300,4,200
0,R,0x8003b340,4,200
0,R,0x8003b380,4,200
0,R,0x8003b3c0,4,200
0,R,0x8003b400,4,200
0,R,0x8003b440,4,200
0,R,0x8003b480,4,200
0,R,0x8003b4c0,4,200
0,R,0x8003b500,4,200
0,R,0x8003b540,4,200
0,R,0x8003b580,4,200
0,R,0x8003b5c0,4,200
0,R,0x8003b600,4,200
0,R,0x8003b640,4,200
0,R,0x8003b680,4,200
0,R,0x8003b6c0,4,200
0,R,0x8003b700,4,200
0,R,0x8003b740,4,200
0,R,0x8003b780,4,200
0,R,0x8003b7c0,4,200
0,R,0x8003b800,4,200
0,R,0x8003b840,4,200
0,R,0x8003b880,4,200
0,R,0x8003b8c0,4,200
0,R,0x8003b900,4,200
0,R,0x8003b940,4,200
0,R,0x8003b980,4,200
0,R,0x8003b9c0,4,200
0,R,0x8003ba00,4,200
0,R,0x8003ba40,4,200
0,R,0x8003ba80,4,200
0,R,0x8003bac0,4,200
0,R,0x8003bb00,4,200
0,R,0x8003bb40,4,200
0,R,0x8003bb80,4,200
0,R,0x8003bbc0,4,200
0,R,0x8003bc00,4,200
0,R,0x8003bc40,4,200
0,R,0x8003bc80,4,200
0,R,0x8003bcc0,4,200
0,R,0x8003bd00,4,200
0,R,0x8003bd40,4,200
0,R,0x8003bd80,4,200
0,R,0x8003bdc0,4,200
0,R,0x8003be00,4,200
0,R,0x8003be40,4,200
0,R,0x8003be80,4,200
0,R,0x8003bec0,4,200
0,R,0x8003bf00,4,200
0,R,0x8003bf40,4,200
0,R,0x8003bf80,4,200
0,R,0x8003bfc0,4,200
0,R,0x8003c000,4,200
0,R,0x8003c040,4,200
0,R,0x8003c080,4,200
0,R,0x8003c0c0,4,200
0,R,0x8003c100,4,200
0,R,0x8003c140,4,200
0,R,0x8003c180,4,200
0,R,0x8003c1c0,4,200
0,R,0x8003c200,4,200
0,R,0x8003c240,4,200
0,R,0x8003c280,4,200
0,R,0x8003c2c0,4,200
0,R,0x8003c300,4,200
0,R,0x8003c340,4,200
0,R,0x8003c380,4,200
0,R,0x8003c3c0,4,200
0,R,0x8003c400,4,200
0,R,0x8003c440,4,200
0,R,0x8003c480,4,200
0,R,0x8003c4c0,4,200
0,R,0x8003c500,4,200
0,R,0x8003c540,4,200
0,R,0x8003c580,4,200
0,R,0x8003c5c0,4,200
0,R,0x8003c600,4,200
0,R,0x8003c640,4,200
0,R,0x8003c680,4,200
0,R,0x8003c6c0,4,200
0,R,0x8003c700,4,200
0,R,0x8003c740,4,200
0,R,0x8003c780,4,200
0,R,0x8003c7c0,4,200
0,R,0x8003c800,4,200
0,R,0x8003c840,4,200
0,R,0x8003c880,4,200
0,R,0x8003c8c0,4,200
0,R,0x8003c900,4,200
0,R,0x8003c940,4,200
0,R,0x8003c980,4,200
0,R,0x8003c9c0,4,200
0,R,0x8003ca00,4,200
0,R,0x8003ca40,4,200
0,R,0x8003ca80,4,200
0,R,0x8003cac0,4,200
0,R,0x8003cb00,4,200
0,R,0x8003cb40,4,200
0,R,0x8003cb80,4,200
0,R,0x8003cbc0,4,200
0,R,0x8003cc00,4,200
0,R,0x8003cc40,4,200
0,R,0x8003cc80,4,200
0,R,0x8003ccc0,4,200
0,R,0x8003cd00,4,200
0,R,0x8003cd40,4,200
0,R,0x8003cd80,4,200
0,R,0x8003cdc0,4,200
0,R,0x8003ce00,4,200
0,R,0x8003ce40,4,200
0,R,0x8003ce80,4,200
0,R,0x8003cec0,4,200
0,R,0x8003cf00,4,200
0,R,0x8003cf40,4,200
0,R,0x8003cf80,4,200
0,R,0x8003cfc0,4,200
0,R,0x8003d000,4,200
0,R,0x8003d040,4,200
0,R,0x8003d080,4,200
0,R,0x8003d0c0,4,200
0,R,0x8003d100,4,200
0,R,0x8003d140,4,200
0,R,0x8003d180,4,200
0,R,0x8003d1c0,4,200
0,R,0x8003d200,4,200
0,R,0x8003d240,4,200
0,R,0x8003d280,4,200
0,R,0x8003d2c0,4,200
0,R,0x8003d300,4,200
0,R,0x8003d340,4,200
0,R,0x8003d380,4,200
0,R,0x8003d3c0,4,200
0,R,0x8003d400,4,200
0,R,0x8003d440,4,200
0,R,0x8003d480,4,200
0,R,0x8003d4c0,4,200
0,R,0x8003d500,4,200
0,R,0x8003d540,4,200
0,R,0x8003d580,4,200
0,R,0x8003d5c0,4,200
0,R,0x8003d600,4,200
0,R,0x8003d640,4,200
0,R,0x8003d680,4,200
0,R,0x8003d6c0,4,200
0,R,0x8003d700,4,200
0,R,0x8003d740,4,200
0,R,0x8003d780,4,200
0,R,0x8003d7c0,4,200
0,R,0x8003d800,4,200
0,R,0x8003d840,4,200
0,R,0x8003d880,4,200
0,R,0x8003d8c0,4,200
0,R,0x8003d900,4,200
0,R,0x8003d940,4,200
0,R,0x8003d980,4,200
0,R,0x8003d9c0,4,200
0,R,0x8003da00,4,200
0,R,0x8003da40,4,200
0,R,0x8003da80,4,200
0,R,0x8003dac0,4,200
0,R,0x8003db00,4,200
0,R,0x8003db40,4,200
0,R,0x8003db80,4,200
0,R,0x8003dbc0,4,200
0,R,0x8003dc00,4,200
0,R,0x8003dc40,4,200
0,R,0x8003dc80,4,200
0,R,0x8003dcc0,4,200
0,R,0x8003dd00,4,200
0,R,0x8003dd40,4,200
0,R,0x8003dd80,4,200
0,R,0x8003ddc0,4,200
0,R,0x8003de00,4,200
0,R,0x8003de40,4,200
0,R,0x8003de80,4,200
0,R,0x8003dec0,4,200
0,R,0x8003df00,4,200
0,R,0x8003df40,4,200
0,R,0x8003df80,4,200
0,R,0x8003dfc0,4,200
0,R,0x8003e000,4,200
0,R,0x8003e040,4,200
0,R,0x8003e080,4,200
0,R,0x8003e0c0,4,200
0,R,0x8003e100,4,200
0,R,0x8003e140,4,200
0,R,0x8003e180,4,200
0,R,0x8003e1c0,4,200
0,R,0x8003e200,4,200
0,R,0x8003e240,4,200
0,R,0x8003e280,4,200
0,R,0x8003e2c0,4,200
0,R,0x8003e300,4,200
0,R,0x8003e340,4,200
0,R,0x8003e380,4,200
0,R,0x8003e3c0,4,200
0,R,0x8003e400,4,200
0,R,0x8003e440,4,200
0,R,0x8003e480,4,200
0,R,0x8003e4c0,4,200
0,R,0x8003e500,4,200
0,R,0x8003e540,4,200
0,R,0x8003e580,4,200
0,R,0x8003e5c0,4,200
0,R,0x8003e600,4,200
0,R,0x8003e640,4,200
0,R,0x8003e680,4,200
0,R,0x8003e6c0,4,200
0,R,0x8003e700,4,200
0,R,0x8003e740,4,200
0,R,0x8003e780,4,200
0,R,0x8003e7c0,4,200
0,R,0x8003e800,4,200
0,R,0x8003e840,4,200
0,R,0x8003e880,4,200
0,R,0x8003e8c0,4,200
0,R,0x8003e900,4,200
0,R,0x8003e940,4,200
0,R,0x8003e980,4,200
0,R,0x8003e9c0,4,200
0,R,0x8003ea00,4,200
0,R,0x8003ea40,4,200
0,R,0x8003ea80,4,200
0,R,0x8003eac0,4,200
0,R,0x8003eb00,4,200
0,R,0x8003eb40,4,200
0,R,0x8003eb80,4,200
0,R,0x8003ebc0,4,200
0,R,0x8003ec00,4,200
0,R,0x8003ec40,4,200
0,R,0x8003ec80,4,200
0,R,0x8003ecc0,4,200
0,R,0x8003ed00,4,200
0,R,0x8003ed40,4,200
0,R,0x8003ed80,4,200
0,R,0x8003edc0,4,200
0,R,0x8003ee00,4,200
0,R,0x8003ee40,4,200
0,R,0x8003ee80,4,200
0,R,0x8003eec0,4,200
0,R,0x8003ef00,4,200
0,R,0x8003ef40,4,200
0,R,0x8003ef80,4,200
0,R,0x8003efc0,4,200
0,R,0x8003f000,4,200
0,R,0x8003f040,4,200
0,R,0x8003f080,4,200
0,R,0x8003f0c0,4,200
0,R,0x8003f100,4,200
0,R,0x8003f140,4,200
0,R,0x8003f180,4,200
0,R,0x8003f1c0,4,200
0,R,0x8003f200,4,200
0,R,0x8003f240,4,200
0,R,0x8003f280,4,200
0,R,0x8003f2c0,4,200
0,R,0x8003f300,4,200
0,R,0x8003f340,4,200
0,R,0x8003f380,4,200
0,R,0x8003f3c0,4,200
0,R,0x8003f400,4,200
0,R,0x8003f440,4,200
0,R,0x8003f480,4,200
0,R,0x8003f4c0,4,200
0,R,0x8003f500,4,200
0,R,0x8003f540,4,200
0,R,0x8003f580,4,200
0,R,0x8003f5c0,4,200
0,R,0x8003f600,4,200
0,R,0x8003f640,4,200
0,R,0x8003f680,4,200
0,R,0x8003f6c0,4,200
0,R,0x8003f700,4,200
0,R,0x8003f740,4,200
0,R,0x8003f780,4,200
0,R,0x8003f7c0,4,200
0,R,0x8003f800,4,200
0,R,0x8003f840,4,200
0,R,0x8003f880,4,200
0,R,0x8003f8c0,4,200
0,R,0x8003f900,4,200
0,R,0x8003f940,4,200
0,R,0x8003f980,4,200
0,R,0x8003f9c0,4,200
0,R,0x8003fa00,4,200
0,R,0x8003fa40,4,200
0,R,0x8003fa80,4,200
0,R,0x8003fac0,4,200
0,R,0x8003fb00,4,200
0,R,0x8003fb40,4,200
0,R,0x8003fb80,4,200
0,R,0x8003fbc0,4,200
0,R,0x8003fc00,4,200
0,R,0x8003fc40,4,200
0,R,0x8003fc80,4,200
0,R,0x8003fcc0,4,200
0,R,0x8003fd00,4,200
0,R,0x8003fd40,4,200
0,R,0x8003fd80,4,200
0,R,0x8003fdc0,4,200
0,R,0x8003fe00,4,200
0,R,0x8003fe40,4,200
0,R,0x8003fe80,4,200
0,R,0x8003fec0,4,200
0,R,0x8003ff00,4,200
0,R,0x8003ff40,4,200
0,R,0x8003ff80,4,200
0,R,0x8003ffc0,4,200
0,R,0x80000000,4,200
0,R,0x80000040,4,200
0,R,0x80000080,4,200
0,R,0x800000c0,4,200
0,R,0x80000100,4,200
0,R,0x80000140,4,200
0,R,0x80000180,4,200
0,R,0x800001c0,4,200
0,R,0x80000200,4,200
0,R,0x80000240,4,200
0,R,0x80000280,4,200
0,R,0x800002c0,4,200
0,R,0x80000300,4,200
0,R,0x80000340,4,200
0,R,0x80000380,4,200
0,R,0x800003c0,4,200
0,R,0x80000400,4,200
0,R,0x80000440,4,200
0,R,0x80000480,4,200
0,R,0x800004c0,4,200
0,R,0x80000500,4,200
0,R,0x80000540,4,200
0,R,0x80000580,4,200
0,R,0x800005c0,4,200
0,R,0x80000600,4,200
0,R,0x80000640,4,200
0,R,0x80000680,4,200
0,R,0x800006c0,4,200
0,R,0x80000700,4,200
0,R,0x80000740,4,200
0,R,0x80000780,4,200
0,R,0x800007c0,4,200
0,R,0x80000800,4,200
0,R,0x80000840,4,200
0,R,0x80000880,4,200
0,R,0x800008c0,4,200
0,R,0x80000900,4,200
0,R,0x80000940,4,200
0,R,0x80000980,4,200
0,R,0x800009c0,4,200
0,R,0x80000a00,4,200
0,R,0x80000a40,4,200
0,R,0x80000a80,4,200
0,R,0x80000ac0,4,200
0,R,0x80000b00,4,200
0,R,0x80000b40,4,200
0,R,0x80000b80,4,200
0,R,0x80000bc0,4,200
0,R,0x80000c00,4,200
0,R,0x80000c40,4,200
0,R,0x80000c80,4,200
0,R,0x80000cc0,4,200
0,R,0x80000d00,4,200
0,R,0x80000d40,4,200
0,R,0x80000d80,4,200
0,R,0x80000dc0,4,200
0,R,0x80000e00,4,200
0,R,0x80000e40,4,200
0,R,0x80000e80,4,200
0,R,0x80000ec0,4,200
0,R,0x80000f00,4,200
0,R,0x80000f40,4,200
0,R,0x80000f80,4,200
0,R,0x80000fc0,4,200
0,R,0x80001000,4,200
0,R,0x80001040,4,200
0,R,0x80001080,4,200
0,R,0x800010c0,4,200
0,R,0x80001100,4,200
0,R,0x80001140,4,200
0,R,0x80001180,4,200
0,R,0x800011c0,4,200
0,R,0x80001200,4,200
0,R,0x80001240,4,200
0,R,0x80001280,4,200
0,R,0x800012c0,4,200
0,R,0x80001300,4,200
0,R,0x80001340,4,200
0,R,0x80001380,4,200
0,R,0x800013c0,4,200
0,R,0x80001400,4,200
0,R,0x80001440,4,200
0,R,0x80001480,4,200
0,R,0x800014c0,4,200
0,R,0x80001500,4,200
0,R,0x80001540,4,200
0,R,0x80001580,4,200
0,R,0x800015c0,4,200
0,R,0x80001600,4,200
0,R,0x80001640,4,200
0,R,0x80001680,4,200
0,R,0x800016c0,4,200
0,R,0x80001700,4,200
0,R,0x80001740,4,200
0,R,0x80001780,4,200
0,R,0x800017c0,4,200
0,R,0x80001800,4,200
0,R,0x80001840,4,200
0,R,0x80001880,4,200
0,R,0x800018c0,4,200
0,R,0x80001900,4,200
0,R,0x80001940,4,200
0,R,0x80001980,4,200
0,R,0x800019c0,4,200
0,R,0x80001a00,4,200
0,R,0x80001a40,4,200
0,R,0x80001a80,4,200
0,R,0x80001ac0,4,200
0,R,0x80001b00,4,200
0,R,0x80001b40,4,200
0,R,0x80001b80,4,200
0,R,0x80001bc0,4,200
0,R,0x80001c00,4,200
0,R,0x80001c40,4,200
0,R,0x80001c80,4,200
0,R,0x80001cc0,4,200
0,R,0x80001d00,4,200
0,R,0x80001d40,4,200
0,R,0x80001d80,4,200
0,R,0x80001dc0,4,200
0,R,0x80001e00,4,200
0,R,0x80001e40,4,200
0,R,0x80001e80,4,200
0,R,0x80001ec0,4,200
0,R,0x80001f00,4,200
0,R,0x80001f40,4,200
0,R,0x80001f80,4,200
0,R,0x80001fc0,4,200
0,R,0x80002000,4,200
0,R,0x80002040,4,200
0,R,0x80002080,4,200
0,R,0x800020c0,4,200
0,R,0x80002100,4,200
0,R,0x80002140,4,200
0,R,0x80002180,4,200
0,R,0x800021c0,4,200
0,R,0x80002200,4,200
0,R,0x80002240,4,200
0,R,0x80002280,4,200
0,R,0x800022c0,4,200
0,R,0x80002300,4,200
0,R,0x80002340,4,200
0,R,0x80002380,4,200
0,R,0x800023c0,4,200
0,R,0x80002400,4,200
0,R,0x80002440,4,200
0,R,0x80002480,4,200
0,R,0x800024c0,4,200
0,R,0x80002500,4,200
0,R,0x80002540,4,200
0,R,0x80002580,4,200
0,R,0x800025c0,4,200
0,R,0x80002600,4,200
0,R,0x80002640,4,200
0,R,0x80002680,4,200
0,R,0x800026c0,4,200
0,R,0x80002700,4,200
0,R,0x80002740,4,200
0,R,0x80002780,4,200
0,R,0x800027c0,4,200
0,R,0x80002800,4,200
0,R,0x80002840,4,200
0,R,0x80002880,4,200
0,R,0x800028c0,4,200
0,R,0x80002900,4,200
0,R,0x80002940,4,200
0,R,0x80002980,4,200
0,R,0x800029c0,4,200
0,R,0x80002a00,4,200
0,R,0x80002a40,4,200
0,R,0x80002a80,4,200
0,R,0x80002ac0,4,200
0,R,0x80002b00,4,200
0,R,0x80002b40,4,200
0,R,0x80002b80,4,200
0,R,0x80002bc0,4,200
0,R,0x80002c00,4,200
0,R,0x80002c40,4,200
0,R,0x80002c80,4,200
0,R,0x80002cc0,4,200
0,R,0x80002d00,4,200
0,R,0x80002d40,4,200
0,R,0x80002d80,4,200
0,R,0x80002dc0,4,200
0,R,0x80002e00,4,200
0,R,0x80002e40,4,200
0,R,0x80002e80,4,200
0,R,0x80002ec0,4,200
0,R,0x80002f00,4,200
0,R,0x80002f40,4,200
0,R,0x80002f80,4,200
0,R,0x80002fc0,4,200
0,R,0x80003000,4,200
0,R,0x80003040,4,200
0,R,0x80003080,4,200
0,R,0x800030c0,4,200
0,R,0x80003100,4,200
0,R,0x80003140,4,200
0,R,0x80003180,4,200
0,R,0x800031c0,4,200
0,R,0x80003200,4,200
0,R,0x80003240,4,200
0,R,0x80003280,4,200
0,R,0x800032c0,4,200
0,R,0x80003300,4,200
0,R,0x80003340,4,200
0,R,0x80003380,4,200
0,R,0x800033c0,4,200
0,R,0x80003400,4,200
0,R,0x80003440,4,200
0,R,0x80003480,4,200
0,R,0x800034c0,4,200
0,R,0x80003500,4,200
0,R,0x80003540,4,200
0,R,0x80003580,4,200
0,R,0x800035c0,4,200
0,R,0x80003600,4,200
0,R,0x80003640,4,200
0,R,0x80003680,4,200
0,R,0x800036c0,4,200
0,R,0x80003700,4,200
0,R,0x80003740,4,200
0,R,0x80003780,4,200
0,R,0x800037c0,4,200
0,R,0x80003800,4,200
0,R,0x80003840,4,200
0,R,0x80003880,4,200
0,R,0x800038c0,4,200
0,R,0x80003900,4,200
0,R,0x80003940,4,200
0,R,0x80003980,4,200
0,R,0x800039c0,4,200
0,R,0x80003a00,4,200
0,R,0x80003a40,4,200
0,R,0x80003a80,4,200
0,R,0x80003ac0,4,200
0,R,0x80003b00,4,200
0,R,0x80003b40,4,200
0,R,0x80003b80,4,200
0,R,0x80003bc0,4,200
0,R,0x80003c00,4,200
0,R,0x80003c40,4,200
0,R,0x80003c80,4,200
0,R,0x80003cc0,4,200
0,R,0x80003d00,4,200
0,R,0x80003d40,4,200
0,R,0x80003d80,4,200
0,R,0x80003dc0,4,200
0,R,0x80003e00,4,200
0,R,0x80003e40,4,200
0,R,0x80003e80,4,200
0,R,0x80003ec0,4,200
0,R,0x80003f00,4,200
0,R,0x80003f40,4,200
0,R,0x80003f80,4,200
0,R,0x80003fc0,4,200
0,R,0x80004000,4,200
0,R,0x80004040,4,200
0,R,0x80004080,4,200
0,R,0x800040c0,4,200
0,R,0x80004100,4,200
0,R,0x80004140,4,200
0,R,0x80004180,4,200
0,R,0x800041c0,4,200
0,R,0x80004200,4,200
0,R,0x80004240,4,200
0,R,0x80004280,4,200
0,R,0x800042c0,4,200
0,R,0x80004300,4,200
0,R,0x80004340,4,200
0,R,0x80004380,4,200
0,R,0x800043c0,4,200
0,R,0x80004400,4,200
0,R,0x80004440,4,200
0,R,0x80004480,4,200
0,R,0x800044c0,4,200
0,R,0x80004500,4,200
0,R,0x80004540,4,200
0,R,0x80004580,4,200
0,R,0x800045c0,4,200
0,R,0x80004600,4,200
0,R,0x80004640,4,200
0,R,0x80004680,4,200
0,R,0x800046c0,4,200
0,R,0x80004700,4,200
0,R,0x80004740,4,200
0,R,0x80004780,4,200
0,R,0x800047c0,4,200
0,R,0x80004800,4,200
0,R,0x80004840,4,200
0,R,0x80004880,4,200
0,R,0x800048c0,4,200
0,R,0x80004900,4,200
0,R,0x80004940,4,200
0,R,0x80004980,4,200
0,R,0x800049c0,4,200
0,R,0x80004a00,4,200
0,R,0x80004a40,4,200
0,R,0x80004a80,4,200
0,R,0x80004ac0,4,200
0,R,0x80004b00,4,200
0,R,0x80004b40,4,200
0,R,0x80004b80,4,200
0,R,0x80004bc0,4,200
0,R,0x80004c00,4,200
0,R,0x80004c40,4,200
0,R,0x80004c80,4,200
0,R,0x80004cc0,4,200
0,R,0x80004d00,4,200
0,R,0x80004d40,4,200
0,R,0x80004d80,4,200
0,R,0x80004dc0,4,200
0,R,0x80004e00,4,200
0,R,0x80004e40,4,200
0,R,0x80004e80,4,200
0,R,0x80004ec0,4,200
0,R,0x80004f00,4,200
0,R,0x80004f40,4,200
0,R,0x80004f80,4,200
0,R,0x80004fc0,4,200
0,R,0x80005000,4,200
0,R,0x80005040,4,200
0,R,0x80005080,4,200
0,R,0x800050c0,4,200
0,R,0x80005100,4,200
0,R,0x80005140,4,200
0,R,0x80005180,4,200
0,R,0x800051c0,4,200
0,R,0x80005200,4,200
0,R,0x80005240,4,200
0,R,0x80005280,4,200
0,R,0x800052c0,4,200
0,R,0x80005300,4,200
0,R,0x80005340,4,200
0,R,0x80005380,4,200
0,R,0x800053c0,4,200
0,R,0x80005400,4,200
0,R,0x80005440,4,200
0,R,0x80005480,4,200
0,R,0x800054c0,4,200
0,R,0x80005500,4,200
0,R,0x80005540,4,200
0,R,0x80005580,4,200
0,R,0x800055c0,4,200
0,R,0x80005600,4,200
0,R,0x80005640,4,200
0,R,0x80005680,4,200
0,R,0x800056c0,4,200
0,R,0x80005700,4,200
0,R,0x80005740,4,200
0,R,0x80005780,4,200
0,R,0x800057c0,4,200
0,R,0x80005800,4,200
0,R,0x80005840,4,200
0,R,0x80005880,4,200
0,R,0x800058c0,4,200
0,R,0x80005900,4,200
0,R,0x80005940,4,200
0,R,0x80005980,4,200
0,R,0x800059c0,4,200
0,R,0x80005a00,4,200
0,R,0x80005a40,4,200
0,R,0x80005a80,4,200
0,R,0x80005ac0,4,200
0,R,0x80005b00,4,200
0,R,0x80005b40,4,200
0,R,0x80005b80,4,200
0,R,0x80005bc0,4,200
0,R,0x80005c00,4,200
0,R,0x80005c40,4,200
0,R,0x80005c80,4,200
0,R,0x80005cc0,4,200
0,R,0x80005d00,4,200
0,R,0x80005d40,4,200
0,R,0x80005d80,4,200
0,R,0x80005dc0,4,200
0,R,0x80005e00,4,200
0,R,0x80005e40,4,200
0,R,0x80005e80,4,200
0,R,0x80005ec0,4,200
0,R,0x80005f00,4,200
0,R,0x80005f40,4,200
0,R,0x80005f80,4,200
0,R,0x80005fc0,4,200
0,R,0x80006000,4,200
0,R,0x80006040,4,200
0,R,0x80006080,4,200
0,R,0x800060c0,4,200
0,R,0x80006100,4,200
0,R,0x80006140,4,200
0,R,0x80006180,4,200
0,R,0x800061c0,4,200
0,R,0x80006200,4,200
0,R,0x80006240,4,200
0,R,0x80006280,4,200
0,R,0x800062c0,4,200
0,R,0x80006300,4,200
0,R,0x80006340,4,200
0,R,0x80006380,4,200
0,R,0x800063c0,4,200
0,R,0x80006400,4,200
0,R,0x80006440,4,200
0,R,0x80006480,4,200
0,R,0x800064c0,4,200
0,R,0x80006500,4,200
0,R,0x80006540,4,200
0,R,0x80006580,4,200
0,R,0x800065c0,4,200
0,R,0x80006600,4,200
0,R,0x80006640,4,200
0,R,0x80006680,4,200
0,R,0x800066c0,4,200
0,R,0x80006700,4,200
0,R,0x80006740,4,200
0,R,0x80006780,4,200
0,R,0x800067c0,4,200
0,R,0x80006800,4,200
0,R,0x80006840,4,200
0,R,0x80006880,4,200
0,R,0x800068c0,4,200
0,R,0x80006900,4,200
0,R,0x80006940,4,200
0,R,0x80006980,4,200
0,R,0x800069c0,4,200
0,R,0x80006a00,4,200
0,R,0x80006a40,4,200
0,R,0x80006a80,4,200
0,R,0x80006ac0,4,200
0,R,0x80006b00,4,200
0,R,0x80006b40,4,200
0,R,0x80006b80,4,200
0,R,0x80006bc0,4,200
0,R,0x80006c00,4,200
0,R,0x80006c40,4,200
0,R,0x80006c80,4,200
0,R,0x80006cc0,4,200
0,R,0x80006d00,4,200
0,R,0x80006d40,4,200
0,R,0x80006d80,4,200
0,R,0x80006dc0,4,200
0,R,0x80006e00,4,200
0,R,0x80006e40,4,200
0,R,0x80006e80,4,200
0,R,0x80006ec0,4,200
0,R,0x80006f00,4,200
0,R,0x80006f40,4,200
0,R,0x80006f80,4,200
0,R,0x80006fc0,4,200
0,R,0x80007000,4,200
0,R,0x80007040,4,200
0,R,0x80007080,4,200
0,R,0x800070c0,4,200
0,R,0x80007100,4,200
0,R,0x80007140,4,200
0,R,0x80007180,4,200
0,R,0x800071c0,4,200
0,R,0x80007200,4,200
0,R,0x80007240,4,200
0,R,0x80007280,4,200
0,R,0x800072c0,4,200
0,R,0x80007300,4,200
0,R,0x80007340,4,200
0,R,0x80007380,4,200
0,R,0x800073c0,4,200
0,R,0x80007400,4,200
0,R,0x80007440,4,200
0,R,0x80007480,4,200
0,R,0x800074c0,4,200
0,R,0x80007500,4,200
0,R,0x80007540,4,200
0,R,0x80007580,4,200
0,R,0x800075c0,4,200
0,R,0x80007600,4,200
0,R,0x80007640,4,200
0,R,0x80007680,4,200
0,R,0x800076c0,4,200
0,R,0x80007700,4,200
0,R,0x80007740,4,200
0,R,0x80007780,4,200
0,R,0x800077c0,4,200
0,R,0x80007800,4,200
0,R,0x80007840,4,200
0,R,0x80007880,4,200
0,R,0x800078c0,4,200
0,R,0x80007900,4,200
0,R,0x80007940,4,200
0,R,0x80007980,4,200
0,R,0x800079c0,4,200
0,R,0x80007a00,4,200
0,R,0x80007a40,4,200
0,R,0x80007a80,4,200
0,R,0x80007ac0,4,200
0,R,0x80007b00,4,200
0,R,0x80007b40,4,200
0,R,0x80007b80,4,200
0,R,0x80007bc0,4,200
0,R,0x80007c00,4,200
0,R,0x80007c40,4,200
0,R,0x80007c80,4,200
0,R,0x80007cc0,4,200
0,R,0x80007d00,4,200
0,R,0x80007d40,4,200
0,R,0x80007d80,4,200
0,R,0x80007dc0,4,200
0,R,0x80007e00,4,200
0,R,0x80007e40,4,200
0,R,0x80007e80,4,200
0,R,0x80007ec0,4,200
0,R,0x80007f00,4,200
0,R,0x80007f40,4,200
0,R,0x80007f80,4,200
0,R,0x80007fc0,4,200
0,R,0x80008000,4,200
0,R,0x80008040,4,200
0,R,0x80008080,4,200
0,R,0x800080c0,4,200
0,R,0x80008100,4,200
0,R,0x80008140,4,200
0,R,0x80008180,4,200
0,R,0x800081c0,4,200
0,R,0x80008200,4,200
0,R,0x80008240,4,200
0,R,0x80008280,4,200
0,R,0x800082c0,4,200
0,R,0x80008300,4,200
0,R,0x80008340,4,200
0,R,0x80008380,4,200
0,R,0x800083c0,4,200
0,R,0x80008400,4,200
0,R,0x80008440,4,200
0,R,0x80008480,4,200
0,R,0x800084c0,4,200
0,R,0x80008500,4,200
0,R,0x80008540,4,200
0,R,0x80008580,4,200
0,R,0x800085c0,4,200
0,R,0x80008600,4,200
0,R,0x80008640,4,200
0,R,0x80008680,4,200
0,R,0x800086c0,4,200
0,R,0x80008700,4,200
0,R,0x80008740,4,200
0,R,0x80008780,4,200
0,R,0x800087c0,4,200
0,R,0x80008800,4,200
0,R,0x80008840,4,200
0,R,0x80008880,4,200
0,R,0x800088c0,4,200
0,R,0x80008900,4,200
0,R,0x80008940,4,200
0,R,0x80008980,4,200
0,R,0x800089c0,4,200
0,R,0x80008a00,4,200
0,R,0x80008a40,4,200
0,R,0x80008a80,4,200
0,R,0x80008ac0,4,200
0,R,0x80008b00,4,200
0,R,0x80008b40,4,200
0,R,0x80008b80,4,200
0,R,0x80008bc0,4,200
0,R,0x80008c00,4,200
0,R,0x80008c40,4,200
0,R,0x80008c80,4,200
0,R,0x80008cc0,4,200
0,R,0x80008d00,4,200
0,R,0x80008d40,4,200
0,R,0x80008d80,4,200
0,R,0x80008dc0,4,200
0,R,0x80008e00,4,200
0,R,0x80008e40,4,200
0,R,0x80008e80,4,200
0,R,0x80008ec0,4,200
0,R,0x80008f00,4,200
0,R,0x80008f40,4,200
0,R,0x80008f80,4,200
0,R,0x80008fc0,4,200
0,R,0x80009000,4,200
0,R,0x80009040,4,200
0,R,0x80009080,4,200
0,R,0x800090c0,4,200
0,R,0x80009100,4,200
0,R,0x80009140,4,200
0,R,0x80009180,4,200
0,R,0x800091c0,4,200
0,R,0x80009200,4,200
0,R,0x80009240,4,200
0,R,0x80009280,4,200
0,R,0x800092c0,4,200
0,R,0x80009300,4,200
0,R,0x80009340,4,200
0,R,0x80009380,4,200
0,R,0x800093c0,4,200
0,R,0x80009400,4,200
0,R,0x80009440,4,200
0,R,0x80009480,4,200
0,R,0x800094c0,4,200
0,R,0x80009500,4,200
0,R,0x80009540,4,200
0,R,0x80009580,4,200
0,R,0x800095c0,4,200
0,R,0x80009600,4,200
0,R,0x80009640,4,200
0,R,0x80009680,4,200
0,R,0x800096c0,4,200
0,R,0x80009700,4,200
0,R,0x80009740,4,200
0,R,0x80009780,4,200
0,R,0x800097c0,4,200
0,R,0x80009800,4,200
0,R,0x80009840,4,200
0,R,0x80009880,4,200
0,R,0x800098c0,4,200
0,R,0x80009900,4,200
0,R,0x80009940,4,200
0,R,0x80009980,4,200
0,R,0x800099c0,4,200
0,R,0x80009a00,4,200
0,R,0x80009a40,4,200
0,R,0x80009a80,4,200
0,R,0x80009ac0,4,200
0,R,0x80009b00,4,200
0,R,0x80009b40,4,200
0,R,0x80009b80,4,200
0,R,0x80009bc0,4,200
0,R,0x80009c00,4,200
0,R,0x80009c40,4,200
0,R,0x80009c80,4,200
0,R,0x80009cc0,4,200
0,R,0x80009d00,4,200
0,R,0x80009d40,4,200
0,R,0x80009d80,4,200
0,R,0x80009dc0,4,200
0,R,0x80009e00,4,200
0,R,0x80009e40,4,200
0,R,0x80009e80,4,200
0,R,0x80009ec0,4,200
0,R,0x80009f00,4,200
0,R,0x80009f40,4,200
0,R,0x80009f80,4,200
0,R,0x80009fc0,4,200
0,R,0x8000a000,4,200
0,R,0x8000a040,4,200
0,R,0x8000a080,4,200
0,R,0x8000a0c0,4,200
0,R,0x8000a100,4,200
0,R,0x8000a140,4,200
0,R,0x8000a180,4,200
0,R,0x8000a1c0,4,200
0,R,0x8000a200,4,200
0,R,0x8000a240,4,200
0,R,0x8000a280,4,200
0,R,0x8000a2c0,4,200
0,R,0x8000a300,4,200
0,R,0x8000a340,4,200
0,R,0x8000a380,4,200
0,R,0x8000a3c0,4,200
0,R,0x8000a400,4,200
0,R,0x8000a440,4,200
0,R,0x8000a480,4,200
0,R,0x8000a4c0,4,200
0,R,0x8000a500,4,200
0,R,0x8000a540,4,200
0,R,0x8000a580,4,200
0,R,0x8000a5c0,4,200
0,R,0x8000a600,4,200
0,R,0x8000a640,4,200
0,R,0x8000a680,4,200
0,R,0x8000a6c0,4,200
0,R,0x8000a700,4,200
0,R,0x8000a740,4,200
0,R,0x8000a780,4,200
0,R,0x8000a7c0,4,200
0,R,0x8000a800,4,200
0,R,0x8000a840,4,200
0,R,0x8000a880,4,200
0,R,0x8000a8c0,4,200
0,R,0x8000a900,4,200
0,R,0x8000a940,4,200
0,R,0x8000a980,4,200
0,R,0x8000a9c0,4,200
0,R,0x8000aa00,4,200
0,R,0x8000aa40,4,200
0,R,0x8000aa80,4,200
0,R,0x8000aac0,4,200
0,R,0x8000ab00,4,200
0,R,0x8000ab40,4,200
0,R,0x8000ab80,4,200
0,R,0x8000abc0,4,200
0,R,0x8000ac00,4,200
0,R,0x8000ac40,4,200
0,R,0x8000ac80,4,200
0,R,0x8000acc0,4,200
0,R,0x8000ad00,4,200
0,R,0x8000ad40,4,200
0,R,0x8000ad80,4,200
0,R,0x8000adc0,4,200
0,R,0x8000ae00,4,200
0,R,0x8000ae40,4,200
0,R,0x8000ae80,4,200
0,R,0x8000aec0,4,200
0,R,0x8000af00,4,200
0,R,0x8000af40,4,200
0,R,0x8000af80,4,200
0,R,0x8000afc0,4,200
0,R,0x8000b000,4,200
0,R,0x8000b040,4,200
0,R,0x8000b080,4,200
0,R,0x8000b0c0,4,200
0,R,0x8000b100,4,200
0,R,0x8000b140,4,200
0,R,0x8000b180,4,200
0,R,0x8000b1c0,4,200
0,R,0x8000b200,4,200
0,R,0x8000b240,4,200
0,R,0x8000b280,4,200
0,R,0x8000b2c0,4,200
0,R,0x8000b300,4,200
0,R,0x8000b340,4,200
0,R,0x8000b380,4,200
0,R,0x8000b3c0,4,200
0,R,0x8000b400,4,200
0,R,0x8000b440,4,200
0,R,0x8000b480,4,200
0,R,0x8000b4c0,4,200
0,R,0x8000b500,4,200
0,R,0x8000b540,4,200
0,R,0x8000b580,4,200
0,R,0x8000b5c0,4,200
0,R,0x8000b600,4,200
0,R,0x8000b640,4,200
0,R,0x8000b680,4,200
0,R,0x8000b6c0,4,200
0,R,0x8000b700,4,200
0,R,0x8000b740,4,200
0,R,0x8000b780,4,200
0,R,0x8000b7c0,4,200
0,R,0x8000b800,4,200
0,R,0x8000b840,4,200
0,R,0x8000b880,4,200
0,R,0x8000b8c0,4,200
0,R,0x8000b900,4,200
0,R,0x8000b940,4,200
0,R,0x8000b980,4,200
0,R,0x8000b9c0,4,200
0,R,0x8000ba00,4,200
0,R,0x8000ba40,4,200
0,R,0x8000ba80,4,200
0,R,0x8000bac0,4,200
0,R,0x8000bb00,4,200
0,R,0x8000bb40,4,200
0,R,0x8000bb80,4,200
0,R,0x8000bbc0,4,200
0,R,0x8000bc00,4,200
0,R,0x8000bc40,4,200
0,R,0x8000bc80,4,200
0,R,0x8000bcc0,4,200
0,R,0x8000bd00,4,200
0,R,0x8000bd40,4,200
0,R,0x8000bd80,4,200
0,R,0x8000bdc0,4,200
0,R,0x8000be00,4,200
0,R,0x8000be40,4,200
0,R,0x8000be80,4,200
0,R,0x8000bec0,4,200
0,R,0x8000bf00,4,200
0,R,0x8000bf40,4,200
0,R,0x8000bf80,4,200
0,R,0x8000bfc0,4,200
0,R,0x8000c000,4,200
0,R,0x8000c040,4,200
0,R,0x8000c080,4,200
0,R,0x8000c0c0,4,200
0,R,0x8000c100,4,200
0,R,0x8000c140,4,200
0,R,0x8000c180,4,200
0,R,0x8000c1c0,4,200
0,R,0x8000c200,4,200
0,R,0x8000c240,4,200
0,R,0x8000c280,4,200
0,R,0x8000c2c0,4,200
0,R,0x8000c300,4,200
0,R,0x8000c340,4,200
0,R,0x8000c380,4,200
0,R,0x8000c3c0,4,200
0,R,0x8000c400,4,200
0,R,0x8000c440,4,200
0,R,0x8000c480,4,200
0,R,0x8000c4c0,4,200
0,R,0x8000c500,4,200
0,R,0x8000c540,4,200
0,R,0x8000c580,4,200
0,R,0x8000c5c0,4,200
0,R,0x8000c600,4,200
0,R,0x8000c640,4,200
0,R,0x8000c680,4,200
0,R,0x8000c6c0,4,200
0,R,0x8000c700,4,200
0,R,0x8000c740,4,200
0,R,0x8000c780,4,200
0,R,0x8000c7c0,4,200
0,R,0x8000c800,4,200
0,R,0x8000c840,4,200
0,R,0x8000c880,4,200
0,R,0x8000c8c0,4,200
0,R,0x8000c900,4,200
0,R,0x8000c940,4,200
0,R,0x8000c980,4,200
0,R,0x8000c9c0,4,200
0,R,0x8000ca00,4,200
0,R,0x8000ca40,4,200
0,R,0x8000ca80,4,200
0,R,0x8000cac0,4,200
0,R,0x8000cb00,4,200
0,R,0x8000cb40,4,200
0,R,0x8000cb80,4,200
0,R,0x8000cbc0,4,200
0,R,0x8000cc00,4,200
0,R,0x8000cc40,4,200
0,R,0x8000cc80,4,200
0,R,0x8000ccc0,4,200
0,R,0x8000cd00,4,200
0,R,0x8000cd40,4,200
0,R,0x8000cd80,4,200
0,R,0x8000cdc0,4,200
0,R,0x8000ce00,4,200
0,R,0x8000ce40,4,200
0,R,0x8000ce80,4,200
0,R,0x8000cec0,4,200
0,R,0x8000cf00,4,200
0,R,0x8000cf40,4,200
0,R,0x8000cf80,4,200
0,R,0x8000cfc0,4,200
0,R,0x8000d000,4,200
0,R,0x8000d040,4,200
0,R,0x8000d080,4,200
0,R,0x8000d0c0,4,200
0,R,0x8000d100,4,200
0,R,0x8000d140,4,200
0,R,0x8000d180,4,200
0,R,0x8000d1c0,4,200
0,R,0x8000d200,4,200
0,R,0x8000d240,4,200
0,R,0x8000d280,4,200
0,R,0x8000d2c0,4,200
0,R,0x8000d300,4,200
0,R,0x8000d340,4,200
0,R,0x8000d380,4,200
0,R,0x8000d3c0,4,200
0,R,0x8000d400,4,200
0,R,0x8000d440,4,200
0,R,0x8000d480,4,200
0,R,0x8000d4c0,4,200
0,R,0x8000d500,4,200
0,R,0x8000d540,4,200
0,R,0x8000d580,4,200
0,R,0x8000d5c0,4,200
0,R,0x8000d600,4,200
0,R,0x8000d640,4,200
0,R,0x8000d680,4,200
0,R,0x8000d6c0,4,200
0,R,0x8000d700,4,200
0,R,0x8000d740,4,200
0,R,0x8000d780,4,200
0,R,0x8000d7c0,4,200
0,R,0x8000d800,4,200
0,R,0x8000d840,4,200
0,R,0x8000d880,4,200
0,R,0x8000d8c0,4,200
0,R,0x8000d900,4,200
0,R,0x8000d940,4,200
0,R,0x8000d980,4,200
0,R,0x8000d9c0,4,200
0,R,0x8000da00,4,200
0,R,0x8000da40,4,200
0,R,0x8000da80,4,200
0,R,0x8000dac0,4,200
0,R,0x8000db00,4,200
0,R,0x8000db40,4,200
0,R,0x8000db80,4,200
0,R,0x8000dbc0,4,200
0,R,0x8000dc00,4,200
0,R,0x8000dc40,4,200
0,R,0x8000dc80,4,200
0,R,0x8000dcc0,4,200
0,R,0x8000dd00,4,200
0,R,0x8000dd40,4,200
0,R,0x8000dd80,4,200
0,R,0x8000ddc0,4,200
0,R,0x8000de00,4,200
0,R,0x8000de40,4,200
0,R,0x8000de80,4,200
0,R,0x8000dec0,4,200
0,R,0x8000df00,4,200
0,R,0x8000df40,4,200
0,R,0x8000df80,4,200
0,R,0x8000dfc0,4,200
0,R,0x8000e000,4,200
0,R,0x8000e040,4,200
0,R,0x8000e080,4,200
0,R,0x8000e0c0,4,200
0,R,0x8000e100,4,200
0,R,0x8000e140,4,200
0,R,0x8000e180,4,200
0,R,0x8000e1c0,4,200
0,R,0x8000e200,4,200
0,R,0x8000e240,4,200
0,R,0x8000e280,4,200
0,R,0x8000e2c0,4,200
0,R,0x8000e300,4,200
0,R,0x8000e340,4,200
0,R,0x8000e380,4,200
0,R,0x8000e3c0,4,200
0,R,0x8000e400,4,200
0,R,0x8000e440,4,200
0,R,0x8000e480,4,200
0,R,0x8000e4c0,4,200
0,R,0x8000e500,4,200
0,R,0x8000e540,4,200
0,R,0x8000e580,4,200
0,R,0x8000e5c0,4,200
0,R,0x8000e600,4,200
0,R,0x8000e640,4,200
0,R,0x8000e680,4,200
0,R,0x8000e6c0,4,200
0,R,0x8000e700,4,200
0,R,0x8000e740,4,200
0,R,0x8000e780,4,200
0,R,0x8000e7c0,4,200
0,R,0x8000e800,4,200
0,R,0x8000e840,4,200
0,R,0x8000e880,4,200
0,R,0x8000e8c0,4,200
0,R,0x8000e900,4,200
0,R,0x8000e940,4,200
0,R,0x8000e980,4,200
0,R,0x8000e9c0,4,200
0,R,0x8000ea00,4,200
0,R,0x8000ea40,4,200
0,R,0x8000ea80,4,200
0,R,0x8000eac0,4,200
0,R,0x8000eb00,4,200
0,R,0x8000eb40,4,200
0,R,0x8000eb80,4,200
0,R,0x8000ebc0,4,200
0,R,0x8000ec00,4,200
0,R,0x8000ec40,4,200
0,R,0x8000ec80,4,200
0,R,0x8000ecc0,4,200
0,R,0x8000ed00,4,200
0,R,0x8000ed40,4,200
0,R,0x8000ed80,4,200
0,R,0x8000edc0,4,200
0,R,0x8000ee00,4,200
0,R,0x8000ee40,4,200
0,R,0x8000ee80,4,200
0,R,0x8000eec0,4,200
0,R,0x8000ef00,4,200
0,R,0x8000ef40,4,200
0,R,0x8000ef80,4,200
0,R,0x8000efc0,4,200
0,R,0x8000f000,4,200
0,R,0x8000f040,4,200
0,R,0x8000f080,4,200
0,R,0x8000f0c0,4,200
0,R,0x8000f100,4,200
0,R,0x8000f140,4,200
0,R,0x8000f180,4,200
0,R,0x8000f1c0,4,200
0,R,0x8000f200,4,200
0,R,0x8000f240,4,200
0,R,0x8000f280,4,200
0,R,0x8000f2c0,4,200
0,R,0x8000f300,4,200
0,R,0x8000f340,4,200
0,R,0x8000f380,4,200
0,R,0x8000f3c0,4,200
0,R,0x8000f400,4,200
0,R,0x8000f440,4,200
0,R,0x8000f480,4,200
0,R,0x8000f4c0,4,200
0,R,0x8000f500,4,200
0,R,0x8000f540,4,200
0,R,0x8000f580,4,200
0,R,0x8000f5c0,4,200
0,R,0x8000f600,4,200
0,R,0x8000f640,4,200
0,R,0x8000f680,4,200
0,R,0x8000f6c0,4,200
0,R,0x8000f700,4,200
0,R,0x8000f740,4,200
0,R,0x8000f780,4,200
0,R,0x8000f7c0,4,200
0,R,0x8000f800,4,200
0,R,0x8000f840,4,200
0,R,0x8000f880,4,200
0,R,0x8000f8c0,4,200
0,R,0x8000f900,4,200
0,R,0x8000f940,4,200
0,R,0x8000f980,4,200
0,R,0x8000f9c0,4,200
0,R,0x8000fa00,4,200
0,R,0x8000fa40,4,200
0,R,0x8000fa80,4,200
0,R,0x8000fac0,4,200
0,R,0x8000fb00,4,200
0,R,0x8000fb40,4,200
0,R,0x8000fb80,4,200
0,R,0x8000fbc0,4,200
0,R,0x8000fc00,4,200
0,R,0x8000fc40,4,200
0,R,0x8000fc80,4,200
0,R,0x8000fcc0,4,200
0,R,0x8000fd00,4,200
0,R,0x8000fd40,4,200
0,R,0x8000fd80,4,200
0,R,0x8000fdc0,4,200
0,R,0x8000fe00,4,200
0,R,0x8000fe40,4,200
0,R,0x8000fe80,4,200
0,R,0x8000fec0,4,200
0,R,0x8000ff00,4,200
0,R,0x8000ff40,4,200
0,R,0x8000ff80,4,200
0,R,0x8000ffc0,4,200
0,R,0x80010000,4,200
0,R,0x80010040,4,200
0,R,0x80010080,4,200
0,R,0x800100c0,4,200
0,R,0x80010100,4,200
0,R,0x80010140,4,200
0,R,0x80010180,4,200
0,R,0x800101c0,4,200
0,R,0x80010200,4,200
0,R,0x80010240,4,200
0,R,0x80010280,4,200
0,R,0x800102c0,4,200
0,R,0x80010300,4,200
0,R,0x80010340,4,200
0,R,0x80010380,4,200
0,R,0x800103c0,4,200
0,R,0x80010400,4,200
0,R,0x80010440,4,200
0,R,0x80010480,4,200
0,R,0x800104c0,4,200
0,R,0x80010500,4,200
0,R,0x80010540,4,200
0,R,0x80010580,4,200
0,R,0x800105c0,4,200
0,R,0x80010600,4,200
0,R,0x80010640,4,200
0,R,0x80010680,4,200
0,R,0x800106c0,4,200
0,R,0x80010700,4,200
0,R,0x80010740,4,200
0,R,0x80010780,4,200
0,R,0x800107c0,4,200
0,R,0x80010800,4,200
0,R,0x80010840,4,200
0,R,0x80010880,4,200
0,R,0x800108c0,4,200
0,R,0x80010900,4,200
0,R,0x80010940,4,200
0,R,0x80010980,4,200
0,R,0x800109c0,4,200
0,R,0x80010a00,4,200
0,R,0x80010a40,4,200
0,R,0x80010a80,4,200
0,R,0x80010ac0,4,200
0,R,0x80010b00,4,200
0,R,0x80010b40,4,200
0,R,0x80010b80,4,200
0,R,0x80010bc0,4,200
0,R,0x80010c00,4,200
0,R,0x80010c40,4,200
0,R,0x80010c80,4,200
0,R,0x80010cc0,4,200
0,R,0x80010d00,4,200
0,R,0x80010d40,4,200
0,R,0x80010d80,4,200
0,R,0x80010dc0,4,200
0,R,0x80010e00,4,200
0,R,0x80010e40,4,200
0,R,0x80010e80,4,200
0,R,0x80010ec0,4,200
0,R,0x80010f00,4,200
0,R,0x80010f40,4,200
0,R,0x80010f80,4,200
0,R,0x80010fc0,4,200
0,R,0x80011000,4,200
0,R,0x80011040,4,200
0,R,0x80011080,4,200
0,R,0x800110c0,4,200
0,R,0x80011100,4,200
0,R,0x80011140,4,200
0,R,0x80011180,4,200
0,R,0x800111c0,4,200
0,R,0x80011200,4,200
0,R,0x80011240,4,200
0,R,0x80011280,4,200
0,R,0x800112c0,4,200
0,R,0x80011300,4,200
0,R,0x80011340,4,200
0,R,0x80011380,4,200
0,R,0x800113c0,4,200
0,R,0x80011400,4,200
0,R,0x80011440,4,200
0,R,0x80011480,4,200
0,R,0x800114c0,4,200
0,R,0x80011500,4,200
0,R,0x80011540,4,200
0,R,0x80011580,4,200
0,R,0x800115c0,4,200
0,R,0x80011600,4,200
0,R,0x80011640,4,200
0,R,0x80011680,4,200
0,R,0x800116c0,4,200
0,R,0x80011700,4,200
0,R,0x80011740,4,200
0,R,0x80011780,4,200
0,R,0x800117c0,4,200
0,R,0x80011800,4,200
0,R,0x80011840,4,200
0,R,0x80011880,4,200
0,R,0x800118c0,4,200
0,R,0x80011900,4,200
0,R,0x80011940,4,200
0,R,0x80011980,4,200
0,R,0x800119c0,4,200
0,R,0x80011a00,4,200
0,R,0x80011a40,4,200
0,R,0x80011a80,4,200
0,R,0x80011ac0,4,200
0,R,0x80011b00,4,200
0,R,0x80011b40,4,200
0,R,0x80011b80,4,200
0,R,0x80011bc0,4,200
0,R,0x80011c00,4,200
0,R,0x80011c40,4,200
0,R,0x80011c80,4,200
0,R,0x80011cc0,4,200
0,R,0x80011d00,4,200
0,R,0x80011d40,4,200
0,R,0x80011d80,4,200
0,R,0x80011dc0,4,200
0,R,0x80011e00,4,200
0,R,0x80011e40,4,200
0,R,0x80011e80,4,200
0,R,0x80011ec0,4,200
0,R,0x80011f00,4,200
0,R,0x80011f40,4,200
0,R,0x80011f80,4,200
0,R,0x80011fc0,4,200
0,R,0x80012000,4,200
0,R,0x80012040,4,200
0,R,0x80012080,4,200
0,R,0x800120c0,4,200
0,R,0x80012100,4,200
0,R,0x80012140,4,200
0,R,0x80012180,4,200
0,R,0x800121c0,4,200
0,R,0x80012200,4,200
0,R,0x80012240,4,200
0,R,0x80012280,4,200
0,R,0x800122c0,4,200
0,R,0x80012300,4,200
0,R,0x80012340,4,200
0,R,0x80012380,4,200
0,R,0x800123c0,4,200
0,R,0x80012400,4,200
0,R,0x80012440,4,200
0,R,0x80012480,4,200
0,R,0x800124c0,4,200
0,R,0x80012500,4,200
0,R,0x80012540,4,200
0,R,0x80012580,4,200
0,R,0x800125c0,4,200
0,R,0x80012600,4,200
0,R,0x80012640,4,200
0,R,0x80012680,4,200
0,R,0x800126c0,4,200
0,R,0x80012700,4,200
0,R,0x80012740,4,200
0,R,0x80012780,4,200
0,R,0x800127c0,4,200
0,R,0x80012800,4,200
0,R,0x80012840,4,200
0,R,0x80012880,4,200
0,R,0x800128c0,4,200
0,R,0x80012900,4,200
0,R,0x80012940,4,200
0,R,0x80012980,4,200
0,R,0x800129c0,4,200
0,R,0x80012a00,4,200
0,R,0x80012a40,4,200
0,R,0x80012a80,4,200
0,R,0x80012ac0,4,200
0,R,0x80012b00,4,200
0,R,0x80012b40,4,200
0,R,0x80012b80,4,200
0,R,0x80012bc0,4,200
0,R,0x80012c00,4,200
0,R,0x80012c40,4,200
0,R,0x80012c80,4,200
0,R,0x80012cc0,4,200
0,R,0x80012d00,4,200
0,R,0x80012d40,4,200
0,R,0x80012d80,4,200
0,R,0x80012dc0,4,200
0,R,0x80012e00,4,200
0,R,0x80012e40,4,200
0,R,0x80012e80,4,200
0,R,0x80012ec0,4,200
0,R,0x80012f00,4,200
0,R,0x80012f40,4,200
0,R,0x80012f80,4,200
0,R,0x80012fc0,4,200
0,R,0x80013000,4,200
0,R,0x80013040,4,200
0,R,0x80013080,4,200
0,R,0x800130c0,4,200
0,R,0x80013100,4,200
0,R,0x80013140,4,200
0,R,0x80013180,4,200
0,R,0x800131c0,4,200
0,R,0x80013200,4,200
0,R,0x80013240,4,200
0,R,0x80013280,4,200
0,R,0x800132c0,4,200
0,R,0x80013300,4,200
0,R,0x80013340,4,200
0,R,0x80013380,4,200
0,R,0x800133c0,4,200
0,R,0x80013400,4,200
0,R,0x80013440,4,200
0,R,0x80013480,4,200
0,R,0x800134c0,4,200
0,R,0x80013500,4,200
0,R,0x80013540,4,200
0,R,0x80013580,4,200
0,R,0x800135c0,4,200
0,R,0x80013600,4,200
0,R,0x80013640,4,200
0,R,0x80013680,4,200
0,R,0x800136c0,4,200
0,R,0x80013700,4,200
0,R,0x80013740,4,200
0,R,0x80013780,4,200
0,R,0x800137c0,4,200
0,R,0x80013800,4,200
0,R,0x80013840,4,200
0,R,0x80013880,4,200
0,R,0x800138c0,4,200
0,R,0x80013900,4,200
0,R,0x80013940,4,200
0,R,0x80013980,4,200
0,R,0x800139c0,4,200
0,R,0x80013a00,4,200
0,R,0x80013a40,4,200
0,R,0x80013a80,4,200
0,R,0x80013ac0,4,200
0,R,0x80013b00,4,200
0,R,0x80013b40,4,200
0,R,0x80013b80,4,200
0,R,0x80013bc0,4,200
0,R,0x80013c00,4,200
0,R,0x80013c40,4,200
0,R,0x80013c80,4,200
0,R,0x80013cc0,4,200
0,R,0x80013d00,4,200
0,R,0x80013d40,4,200
0,R,0x80013d80,4,200
0,R,0x80013dc0,4,200
0,R,0x80013e00,4,200
0,R,0x80013e40,4,200
0,R,0x80013e80,4,200
0,R,0x80013ec0,4,200
0,R,0x80013f00,4,200
0,R,0x80013f40,4,200
0,R,0x80013f80,4,200
0,R,0x80013fc0,4,200
0,R,0x80014000,4,200
0,R,0x80014040,4,200
0,R,0x80014080,4,200
0,R,0x800140c0,4,200
0,R,0x80014100,4,200
0,R,0x80014140,4,200
0,R,0x80014180,4,200
0,R,0x800141c0,4,200
0,R,0x80014200,4,200
0,R,0x80014240,4,200
0,R,0x80014280,4,200
0,R,0x800142c0,4,200
0,R,0x80014300,4,200
0,R,0x80014340,4,200
0,R,0x80014380,4,200
0,R,0x800143c0,4,200
0,R,0x80014400,4,200
0,R,0x80014440,4,200
0,R,0x80014480,4,200
0,R,0x800144c0,4,200
0,R,0x80014500,4,200
0,R,0x80014540,4,200
0,R,0x80014580,4,200
0,R,0x800145c0,4,200
0,R,0x80014600,4,200
0,R,0x80014640,4,200
0,R,0x80014680,4,200
0,R,0x800146c0,4,200
0,R,0x80014700,4,200
0,R,0x80014740,4,200
0,R,0x80014780,4,200
0,R,0x800147c0,4,200
0,R,0x80014800,4,200
0,R,0x80014840,4,200
0,R,0x80014880,4,200
0,R,0x800148c0,4,200
0,R,0x80014900,4,200
0,R,0x80014940,4,200
0,R,0x80014980,4,200
0,R,0x800149c0,4,200
0,R,0x80014a00,4,200
0,R,0x80014a40,4,200
0,R,0x80014a80,4,200
0,R,0x80014ac0,4,200
0,R,0x80014b00,4,200
0,R,0x80014b40,4,200
0,R,0x80014b80,4,200
0,R,0x80014bc0,4,200
0,R,0x80014c00,4,200
0,R,0x80014c40,4,200
0,R,0x80014c80,4,200
0,R,0x80014cc0,4,200
0,R,0x80014d00,4,200
0,R,0x80014d40,4,200
0,R,0x80014d80,4,200
0,R,0x80014dc0,4,200
0,R,0x80014e00,4,200
0,R,0x80014e40,4,200
0,R,0x80014e80,4,200
0,R,0x80014ec0,4,200
0,R,0x80014f00,4,200
0,R,0x80014f40,4,200
0,R,0x80014f80,4,200
0,R,0x80014fc0,4,200
0,R,0x80015000,4,200
0,R,0x80015040,4,200
0,R,0x80015080,4,200
0,R,0x800150c0,4,200
0,R,0x80015100,4,200
0,R,0x80015140,4,200
0,R,0x80015180,4,200
0,R,0x800151c0,4,200
0,R,0x80015200,4,200
0,R,0x80015240,4,200
0,R,0x80015280,4,200
0,R,0x800152c0,4,200
0,R,0x80015300,4,200
0,R,0x80015340,4,200
0,R,0x80015380,4,200
0,R,0x800153c0,4,200
0,R,0x80015400,4,200
0,R,0x80015440,4,200
0,R,0x80015480,4,200
0,R,0x800154c0,4,200
0,R,0x80015500,4,200
0,R,0x80015540,4,200
0,R,0x80015580,4,200
0,R,0x800155c0,4,200
0,R,0x80015600,4,200
0,R,0x80015640,4,200
0,R,0x80015680,4,200
0,R,0x800156c0,4,200
0,R,0x80015700,4,200
0,R,0x80015740,4,200
0,R,0x80015780,4,200
0,R,0x800157c0,4,200
0,R,0x80015800,4,200
0,R,0x80015840,4,200
0,R,0x80015880,4,200
0,R,0x800158c0,4,200
0,R,0x80015900,4,200
0,R,0x80015940,4,200
0,R,0x80015980,4,200
0,R,0x800159c0,4,200
0,R,0x80015a00,4,200
0,R,0x80015a40,4,200
0,R,0x80015a80,4,200
0,R,0x80015ac0,4,200
0,R,0x80015b00,4,200
0,R,0x80015b40,4,200
0,R,0x80015b80,4,200
0,R,0x80015bc0,4,200
0,R,0x80015c00,4,200
0,R,0x80015c40,4,200
0,R,0x80015c80,4,200
0,R,0x80015cc0,4,200
0,R,0x80015d00,4,200
0,R,0x80015d40,4,200
0,R,0x80015d80,4,200
0,R,0x80015dc0,4,200
0,R,0x80015e00,4,200
0,R,0x80015e40,4,200
0,R,0x80015e80,4,200
0,R,0x80015ec0,4,200
0,R,0x80015f00,4,200
0,R,0x80015f40,4,200
0,R,0x80015f80,4,200
0,R,0x80015fc0,4,200
0,R,0x80016000,4,200
0,R,0x80016040,4,200
0,R,0x80016080,4,200
0,R,0x800160c0,4,200
0,R,0x80016100,4,200
0,R,0x80016140,4,200
0,R,0x80016180,4,200
0,R,0x800161c0,4,200
0,R,0x80016200,4,200
0,R,0x80016240,4,200
0,R,0x80016280,4,200
0,R,0x800162c0,4,200
0,R,0x80016300,4,200
0,R,0x80016340,4,200
0,R,0x80016380,4,200
0,R,0x800163c0,4,200
0,R,0x80016400,4,200
0,R,0x80016440,4,200
0,R,0x80016480,4,200
0,R,0x800164c0,4,200
0,R,0x80016500,4,200
0,R,0x80016540,4,200
0,R,0x80016580,4,200
0,R,0x800165c0,4,200
0,R,0x80016600,4,200
0,R,0x80016640,4,200
0,R,0x80016680,4,200
0,R,0x800166c0,4,200
0,R,0x80016700,4,200
0,R,0x80016740,4,200
0,R,0x80016780,4,200
0,R,0x800167c0,4,200
0,R,0x80016800,4,200
0,R,0x80016840,4,200
0,R,0x80016880,4,200
0,R,0x800168c0,4,200
0,R,0x80016900,4,200
0,R,0x80016940,4,200
0,R,0x80016980,4,200
0,R,0x800169c0,4,200
0,R,0x80016a00,4,200
0,R,0x80016a40,4,200
0,R,0x80016a80,4,200
0,R,0x80016ac0,4,200
0,R,0x80016b00,4,200
0,R,0x80016b40,4,200
0,R,0x80016b80,4,200
0,R,0x80016bc0,4,200
0,R,0x80016c00,4,200
0,R,0x80016c40,4,200
0,R,0x80016c80,4,200
0,R,0x80016cc0,4,200
0,R,0x80016d00,4,200
0,R,0x80016d40,4,200
0,R,0x80016d80,4,200
0,R,0x80016dc0,4,200
0,R,0x80016e00,4,200
0,R,0x80016e40,4,200
0,R,0x80016e80,4,200
0,R,0x80016ec0,4,200
0,R,0x80016f00,4,200
0,R,0x80016f40,4,200
0,R,0x80016f80,4,200
0,R,0x80016fc0,4,200
0,R,0x80017000,4,200
0,R,0x80017040,4,200
0,R,0x80017080,4,200
0,R,0x800170c0,4,200
0,R,0x80017100,4,200
0,R,0x80017140,4,200
0,R,0x80017180,4,200
0,R,0x800171c0,4,200
0,R,0x80017200,4,200
0,R,0x80017240,4,200
0,R,0x80017280,4,200
0,R,0x800172c0,4,200
0,R,0x80017300,4,200
0,R,0x80017340,4,200
0,R,0x80017380,4,200
0,R,0x800173c0,4,200
0,R,0x80017400,4,200
0,R,0x80017440,4,200
0,R,0x80017480,4,200
0,R,0x800174c0,4,200
0,R,0x80017500,4,200
0,R,0x80017540,4,200
0,R,0x80017580,4,200
0,R,0x800175c0,4,200
0,R,0x80017600,4,200
0,R,0x80017640,4,200
0,R,0x80017680,4,200
0,R,0x800176c0,4,200
0,R,0x80017700,4,200
0,R,0x80017740,4,200
0,R,0x80017780,4,200
0,R,0x800177c0,4,200
0,R,0x80017800,4,200
0,R,0x80017840,4,200
0,R,0x80017880,4,200
0,R,0x800178c0,4,200
0,R,0x80017900,4,200
0,R,0x80017940,4,200
0,R,0x80017980,4,200
0,R,0x800179c0,4,200
0,R,0x80017a00,4,200
0,R,0x80017a40,4,200
0,R,0x80017a80,4,200
0,R,0x80017ac0,4,200
0,R,0x80017b00,4,200
0,R,0x80017b40,4,200
0,R,0x80017b80,4,200
0,R,0x80017bc0,4,200
0,R,0x80017c00,4,200
0,R,0x80017c40,4,200
0,R,0x80017c80,4,200
0,R,0x80017cc0,4,200
0,R,0x80017d00,4,200
0,R,0x80017d40,4,200
0,R,0x80017d80,4,200
0,R,0x80017dc0,4,200
0,R,0x80017e00,4,200
0,R,0x80017e40,4,200
0,R,0x80017e80,4,200
0,R,0x80017ec0,4,200
0,R,0x80017f00,4,200
0,R,0x80017f40,4,200
0,R,0x80017f80,4,200
0,R,0x80017fc0,4,200
0,R,0x80018000,4,200
0,R,0x80018040,4,200
0,R,0x80018080,4,200
0,R,0x800180c0,4,200
0,R,0x80018100,4,200
0,R,0x80018140,4,200
0,R,0x80018180,4,200
0,R,0x800181c0,4,200
0,R,0x80018200,4,200
0,R,0x80018240,4,200
0,R,0x80018280,4,200
0,R,0x800182c0,4,200
0,R,0x80018300,4,200
0,R,0x80018340,4,200
0,R,0x80018380,4,200
0,R,0x800183c0,4,200
0,R,0x80018400,4,200
0,R,0x80018440,4,200
0,R,0x80018480,4,200
0,R,0x800184c0,4,200
0,R,0x80018500,4,200
0,R,0x80018540,4,200
0,R,0x80018580,4,200
0,R,0x800185c0,4,200
0,R,0x80018600,4,200
0,R,0x80018640,4,200
0,R,0x80018680,4,200
0,R,0x800186c0,4,200
0,R,0x80018700,4,200
0,R,0x80018740,4,200
0,R,0x80018780,4,200
0,R,0x800187c0,4,200
0,R,0x80018800,4,200
0,R,0x80018840,4,200
0,R,0x80018880,4,200
0,R,0x800188c0,4,200
0,R,0x80018900,4,200
0,R,0x80018940,4,200
0,R,0x80018980,4,200
0,R,0x800189c0,4,200
0,R,0x80018a00,4,200
0,R,0x80018a40,4,200
0,R,0x80018a80,4,200
0,R,0x80018ac0,4,200
0,R,0x80018b00,4,200
0,R,0x80018b40,4,200
0,R,0x80018b80,4,200
0,R,0x80018bc0,4,200
0,R,0x80018c00,4,200
0,R,0x80018c40,4,200
0,R,0x80018c80,4,200
0,R,0x80018cc0,4,200
0,R,0x80018d00,4,200
0,R,0x80018d40,4,200
0,R,0x80018d80,4,200
0,R,0x80018dc0,4,200
0,R,0x80018e00,4,200
0,R,0x80018e40,4,200
0,R,0x80018e80,4,200
0,R,0x80018ec0,4,200
0,R,0x80018f00,4,200
0,R,0x80018f40,4,200
0,R,0x80018f80,4,200
0,R,0x80018fc0,4,200
0,R,0x80019000,4,200
0,R,0x80019040,4,200
0,R,0x80019080,4,200
0,R,0x800190c0,4,200
0,R,0x80019100,4,200
0,R,0x80019140,4,200
0,R,0x80019180,4,200
0,R,0x800191c0,4,200
0,R,0x80019200,4,200
0,R,0x80019240,4,200
0,R,0x80019280,4,200
0,R,0x800192c0,4,200
0,R,0x80019300,4,200
0,R,0x80019340,4,200
0,R,0x80019380,4,200
0,R,0x800193c0,4,200
0,R,0x80019400,4,200
0,R,0x80019440,4,200
0,R,0x80019480,4,200
0,R,0x800194c0,4,200
0,R,0x80019500,4,200
0,R,0x80019540,4,200
0,R,0x80019580,4,200
0,R,0x800195c0,4,200
0,R,0x80019600,4,200
0,R,0x80019640,4,200
0,R,0x80019680,4,200
0,R,0x800196c0,4,200
0,R,0x80019700,4,200
0,R,0x80019740,4,200
0,R,0x80019780,4,200
0,R,0x800197c0,4,200
0,R,0x80019800,4,200
0,R,0x80019840,4,200
0,R,0x80019880,4,200
0,R,0x800198c0,4,200
0,R,0x80019900,4,200
0,R,0x80019940,4,200
0,R,0x80019980,4,200
0,R,0x800199c0,4,200
0,R,0x80019a00,4,200
0,R,0x80019a40,4,200
0,R,0x80019a80,4,200
0,R,0x80019ac0,4,200
0,R,0x80019b00,4,200
0,R,0x80019b40,4,200
0,R,0x80019b80,4,200
0,R,0x80019bc0,4,200
0,R,0x80019c00,4,200
0,R,0x80019c40,4,200
0,R,0x80019c80,4,200
0,R,0x80019cc0,4,200
0,R,0x80019d00,4,200
0,R,0x80019d40,4,200
0,R,0x80019d80,4,200
0,R,0x80019dc0,4,200
0,R,0x80019e00,4,200
0,R,0x80019e40,4,200
0,R,0x80019e80,4,200
0,R,0x80019ec0,4,200
0,R,0x80019f00,4,200
0,R,0x80019f40,4,200
0,R,0x80019f80,4,200
0,R,0x80019fc0,4,200
0,R,0x8001a000,4,200
0,R,0x8001a040,4,200
0,R,0x8001a080,4,200
0,R,0x8001a0c0,4,200
0,R,0x8001a100,4,200
0,R,0x8001a140,4,200
0,R,0x8001a180,4,200
0,R,0x8001a1c0,4,200
0,R,0x8001a200,4,200
0,R,0x8001a240,4,200
0,R,0x8001a280,4,200
0,R,0x8001a2c0,4,200
0,R,0x8001a300,4,200
0,R,0x8001a340,4,200
0,R,0x8001a380,4,200
0,R,0x8001a3c0,4,200
0,R,0x8001a400,4,200
0,R,0x8001a440,4,200
0,R,0x8001a480,4,200
0,R,0x8001a4c0,4,200
0,R,0x8001a500,4,200
0,R,0x8001a540,4,200
0,R,0x8001a580,4,200
0,R,0x8001a5c0,4,200
0,R,0x8001a600,4,200
0,R,0x8001a640,4,200
0,R,0x8001a680,4,200
0,R,0x8001a6c0,4,200
0,R,0x8001a700,4,200
0,R,0x8001a740,4,200
0,R,0x8001a780,4,200
0,R,0x8001a7c0,4,200
0,R,0x8001a800,4,200
0,R,0x8001a840,4,200
0,R,0x8001a880,4,200
0,R,0x8001a8c0,4,200
0,R,0x8001a900,4,200
0,R,0x8001a940,4,200
0,R,0x8001a980,4,200
0,R,0x8001a9c0,4,200
0,R,0x8001aa00,4,200
0,R,0x8001aa40,4,200
0,R,0x8001aa80,4,200
0,R,0x8001aac0,4,200
0,R,0x8001ab00,4,200
0,R,0x8001ab40,4,200
0,R,0x8001ab80,4,200
0,R,0x8001abc0,4,200
0,R,0x8001ac00,4,200
0,R,0x8001ac40,4,200
0,R,0x8001ac80,4,200
0,R,0x8001acc0,4,200
0,R,0x8001ad00,4,200
0,R,0x8001ad40,4,200
0,R,0x8001ad80,4,200
0,R,0x8001adc0,4,200
0,R,0x8001ae00,4,200
0,R,0x8001ae40,4,200
0,R,0x8001ae80,4,200
0,R,0x8001aec0,4,200
0,R,0x8001af00,4,200
0,R,0x8001af40,4,200
0,R,0x8001af80,4,200
0,R,0x8001afc0,4,200
0,R,0x8001b000,4,200
0,R,0x8001b040,4,200
0,R,0x8001b080,4,200
0,R,0x8001b0c0,4,200
0,R,0x8001b100,4,200
0,R,0x8001b140,4,200
0,R,0x8001b180,4,200
0,R,0x8001b1c0,4,200
0,R,0x8001b200,4,200
0,R,0x8001b240,4,200
0,R,0x8001b280,4,200
0,R,0x8001b2c0,4,200
0,R,0x8001b300,4,200
0,R,0x8001b340,4,200
0,R,0x8001b380,4,200
0,R,0x8001b3c0,4,200
0,R,0x8001b400,4,200
0,R,0x8001b440,4,200
0,R,0x8001b480,4,200
0,R,0x8001b4c0,4,200
0,R,0x8001b500,4,200
0,R,0x8001b540,4,200
0,R,0x8001b580,4,200
0,R,0x8001b5c0,4,200
0,R,0x8001b600,4,200
0,R,0x8001b640,4,200
0,R,0x8001b680,4,200
0,R,0x8001b6c0,4,200
0,R,0x8001b700,4,200
0,R,0x8001b740,4,200
0,R,0x8001b780,4,200
0,R,0x8001b7c0,4,200
0,R,0x8001b800,4,200
0,R,0x8001b840,4,200
0,R,0x8001b880,4,200
0,R,0x8001b8c0,4,200
0,R,0x8001b900,4,200
0,R,0x8001b940,4,200
0,R,0x8001b980,4,200
0,R,0x8001b9c0,4,200
0,R,0x8001ba00,4,200
0,R,0x8001ba40,4,200
0,R,0x8001ba80,4,200
0,R,0x8001bac0,4,200
0,R,0x8001bb00,4,200
0,R,0x8001bb40,4,200
0,R,0x8001bb80,4,200
0,R,0x8001bbc0,4,200
0,R,0x8001bc00,4,200
0,R,0x8001bc40,4,200
0,R,0x8001bc80,4,200
0,R,0x8001bcc0,4,200
0,R,0x8001bd00,4,200
0,R,0x8001bd40,4,200
0,R,0x8001bd80,4,200
0,R,0x8001bdc0,4,200
0,R,0x8001be00,4,200
0,R,0x8001be40,4,200
0,R,0x8001be80,4,200
0,R,0x8001bec0,4,200
0,R,0x8001bf00,4,200
0,R,0x8001bf40,4,200
0,R,0x8001bf80,4,200
0,R,0x8001bfc0,4,200
0,R,0x8001c000,4,200
0,R,0x8001c040,4,200
0,R,0x8001c080,4,200
0,R,0x8001c0c0,4,200
0,R,0x8001c100,4,200
0,R,0x8001c140,4,200
0,R,0x8001c180,4,200
0,R,0x8001c1c0,4,200
0,R,0x8001c200,4,200
0,R,0x8001c240,4,200
0,R,0x8001c280,4,200
0,R,0x8001c2c0,4,200
0,R,0x8001c300,4,200
0,R,0x8001c340,4,200
0,R,0x8001c380,4,200
0,R,0x8001c3c0,4,200
0,R,0x8001c400,4,200
0,R,0x8001c440,4,200
0,R,0x8001c480,4,200
0,R,0x8001c4c0,4,200
0,R,0x8001c500,4,200
0,R,0x8001c540,4,200
0,R,0x8001c580,4,200
0,R,0x8001c5c0,4,200
0,R,0x8001c600,4,200
0,R,0x8001c640,4,200
0,R,0x8001c680,4,200
0,R,0x8001c6c0,4,200
0,R,0x8001c700,4,200
0,R,0x8001c740,4,200
0,R,0x8001c780,4,200
0,R,0x8001c7c0,4,200
0,R,0x8001c800,4,200
0,R,0x8001c840,4,200
0,R,0x8001c880,4,200
0,R,0x8001c8c0,4,200
0,R,0x8001c900,4,200
0,R,0x8001c940,4,200
0,R,0x8001c980,4,200
0,R,0x8001c9c0,4,200
0,R,0x8001ca00,4,200
0,R,0x8001ca40,4,200
0,R,0x8001ca80,4,200
0,R,0x8001cac0,4,200
0,R,0x8001cb00,4,200
0,R,0x8001cb40,4,200
0,R,0x8001cb80,4,200
0,R,0x8001cbc0,4,200
0,R,0x8001cc00,4,200
0,R,0x8001cc40,4,200
0,R,0x8001cc80,4,200
0,R,0x8001ccc0,4,200
0,R,0x8001cd00,4,200
0,R,0x8001cd40,4,200
0,R,0x8001cd80,4,200
0,R,0x8001cdc0,4,200
0,R,0x8001ce00,4,200
0,R,0x8001ce40,4,200
0,R,0x8001ce80,4,200
0,R,0x8001cec0,4,200
0,R,0x8001cf00,4,200
0,R,0x8001cf40,4,200
0,R,0x8001cf80,4,200
0,R,0x8001cfc0,4,200
0,R,0x8001d000,4,200
0,R,0x8001d040,4,200
0,R,0x8001d080,4,200
0,R,0x8001d0c0,4,200
0,R,0x8001d100,4,200
0,R,0x8001d140,4,200
0,R,0x8001d180,4,200
0,R,0x8001d1c0,4,200
0,R,0x8001d200,4,200
0,R,0x8001d240,4,200
0,R,0x8001d280,4,200
0,R,0x8001d2c0,4,200
0,R,0x8001d300,4,200
0,R,0x8001d340,4,200
0,R,0x8001d380,4,200
0,R,0x8001d3c0,4,200
0,R,0x8001d400,4,200
0,R,0x8001d440,4,200
0,R,0x8001d480,4,200
0,R,0x8001d4c0,4,200
0,R,0x8001d500,4,200
0,R,0x8001d540,4,200
0,R,0x8001d580,4,200
0,R,0x8001d5c0,4,200
0,R,0x8001d600,4,200
0,R,0x8001d640,4,200
0,R,0x8001d680,4,200
0,R,0x8001d6c0,4,200
0,R,0x8001d700,4,200
0,R,0x8001d740,4,200
0,R,0x8001d780,4,200
0,R,0x8001d7c0,4,200
0,R,0x8001d800,4,200
0,R,0x8001d840,4,200
0,R,0x8001d880,4,200
0,R,0x8001d8c0,4,200
0,R,0x8001d900,4,200
0,R,0x8001d940,4,200
0,R,0x8001d980,4,200
0,R,0x8001d9c0,4,200
0,R,0x8001da00,4,200
0,R,0x8001da40,4,200
0,R,0x8001da80,4,200
0,R,0x8001dac0,4,200
0,R,0x8001db00,4,200
0,R,0x8001db40,4,200
0,R,0x8001db80,4,200
0,R,0x8001dbc0,4,200
0,R,0x8001dc00,4,200
0,R,0x8001dc40,4,200
0,R,0x8001dc80,4,200
0,R,0x8001dcc0,4,200
0,R,0x8001dd00,4,200
0,R,0x8001dd40,4,200
0,R,0x8001dd80,4,200
0,R,0x8001ddc0,4,200
0,R,0x8001de00,4,200
0,R,0x8001de40,4,200
0,R,0x8001de80,4,200
0,R,0x8001dec0,4,200
0,R,0x8001df00,4,200
0,R,0x8001df40,4,200
0,R,0x8001df80,4,200
0,R,0x8001dfc0,4,200
0,R,0x8001e000,4,200
0,R,0x8001e040,4,200
0,R,0x8001e080,4,200
0,R,0x8001e0c0,4,200
0,R,0x8001e100,4,200
0,R,0x8001e140,4,200
0,R,0x8001e180,4,200
0,R,0x8001e1c0,4,200
0,R,0x8001e200,4,200
0,R,0x8001e240,4,200
0,R,0x8001e280,4,200
0,R,0x8001e2c0,4,200
0,R,0x8001e300,4,200
0,R,0x8001e340,4,200
0,R,0x8001e380,4,200
0,R,0x8001e3c0,4,200
0,R,0x8001e400,4,200
0,R,0x8001e440,4,200
0,R,0x8001e480,4,200
0,R,0x8001e4c0,4,200
0,R,0x8001e500,4,200
0,R,0x8001e540,4,200
0,R,0x8001e580,4,200
0,R,0x8001e5c0,4,200
0,R,0x8001e600,4,200
0,R,0x8001e640,4,200
0,R,0x8001e680,4,200
0,R,0x8001e6c0,4,200
0,R,0x8001e700,4,200
0,R,0x8001e740,4,200
0,R,0x8001e780,4,200
0,R,0x8001e7c0,4,200
0,R,0x8001e800,4,200
0,R,0x8001e840,4,200
0,R,0x8001e880,4,200
0,R,0x8001e8c0,4,200
0,R,0x8001e900,4,200
0,R,0x8001e940,4,200
0,R,0x8001e980,4,200
0,R,0x8001e9c0,4,200
0,R,0x8001ea00,4,200
0,R,0x8001ea40,4,200
0,R,0x8001ea80,4,200
0,R,0x8001eac0,4,200
0,R,0x8001eb00,4,200
0,R,0x8001eb40,4,200
0,R,0x8001eb80,4,200
0,R,0x8001ebc0,4,200
0,R,0x8001ec00,4,200
0,R,0x8001ec40,4,200
0,R,0x8001ec80,4,200
0,R,0x8001ecc0,4,200
0,R,0x8001ed00,4,200
0,R,0x8001ed40,4,200
0,R,0x8001ed80,4,200
0,R,0x8001edc0,4,200
0,R,0x8001ee00,4,200
0,R,0x8001ee40,4,200
0,R,0x8001ee80,4,200
0,R,0x8001eec0,4,200
0,R,0x8001ef00,4,200
0,R,0x8001ef40,4,200
0,R,0x8001ef80,4,200
0,R,0x8001efc0,4,200
0,R,0x8001f000,4,200
0,R,0x8001f040,4,200
0,R,0x8001f080,4,200
0,R,0x8001f0c0,4,200
0,R,0x8001f100,4,200
0,R,0x8001f140,4,200
0,R,0x8001f180,4,200
0,R,0x8001f1c0,4,200
0,R,0x8001f200,4,200
0,R,0x8001f240,4,200
0,R,0x8001f280,4,200
0,R,0x8001f2c0,4,200
0,R,0x8001f300,4,200
0,R,0x8001f340,4,200
0,R,0x8001f380,4,200
0,R,0x8001f3c0,4,200
0,R,0x8001f400,4,200
0,R,0x8001f440,4,200
0,R,0x8001f480,4,200
0,R,0x8001f4c0,4,200
0,R,0x8001f500,4,200
0,R,0x8001f540,4,200
0,R,0x8001f580,4,200
0,R,0x8001f5c0,4,200
0,R,0x8001f600,4,200
0,R,0x8001f640,4,200
0,R,0x8001f680,4,200
0,R,0x8001f6c0,4,200
0,R,0x8001f700,4,200
0,R,0x8001f740,4,200
0,R,0x8001f780,4,200
0,R,0x8001f7c0,4,200
0,R,0x8001f800,4,200
0,R,0x8001f840,4,200
0,R,0x8001f880,4,200
0,R,0x8001f8c0,4,200
0,R,0x8001f900,4,200
0,R,0x8001f940,4,200
0,R,0x8001f980,4,200
0,R,0x8001f9c0,4,200
0,R,0x8001fa00,4,200
0,R,0x8001fa40,4,200
0,R,0x8001fa80,4,200
0,R,0x8001fac0,4,200
0,R,0x8001fb00,4,200
0,R,0x8001fb40,4,200
0,R,0x8001fb80,4,200
0,R,0x8001fbc0,4,200
0,R,0x8001fc00,4,200
0,R,0x8001fc40,4,200
0,R,0x8001fc80,4,200
0,R,0x8001fcc0,4,200
0,R,0x8001fd00,4,200
0,R,0x8001fd40,4,200
0,R,0x8001fd80,4,200
0,R,0x8001fdc0,4,200
0,R,0x8001fe00,4,200
0,R,0x8001fe40,4,200
0,R,0x8001fe80,4,200
0,R,0x8001fec0,4,200
0,R,0x8001ff00,4,200
0,R,0x8001ff40,4,200
0,R,0x8001ff80,4,200
0,R,0x8001ffc0,4,200
0,R,0x80020000,4,200
0,R,0x80020040,4,200
0,R,0x80020080,4,200
0,R,0x800200c0,4,200
0,R,0x80020100,4,200
0,R,0x80020140,4,200
0,R,0x80020180,4,200
0,R,0x800201c0,4,200
0,R,0x80020200,4,200
0,R,0x80020240,4,200
0,R,0x80020280,4,200
0,R,0x800202c0,4,200
0,R,0x80020300,4,200
0,R,0x80020340,4,200
0,R,0x80020380,4,200
0,R,0x800203c0,4,200
0,R,0x80020400,4,200
0,R,0x80020440,4,200
0,R,0x80020480,4,200
0,R,0x800204c0,4,200
0,R,0x80020500,4,200
0,R,0x80020540,4,200
0,R,0x80020580,4,200
0,R,0x800205c0,4,200
0,R,0x80020600,4,200
0,R,0x80020640,4,200
0,R,0x80020680,4,200
0,R,0x800206c0,4,200
0,R,0x80020700,4,200
0,R,0x80020740,4,200
0,R,0x80020780,4,200
0,R,0x800207c0,4,200
0,R,0x80020800,4,200
0,R,0x80020840,4,200
0,R,0x80020880,4,200
0,R,0x800208c0,4,200
0,R,0x80020900,4,200
0,R,0x80020940,4,200
0,R,0x80020980,4,200
0,R,0x800209c0,4,200
0,R,0x80020a00,4,200
0,R,0x80020a40,4,200
0,R,0x80020a80,4,200
0,R,0x80020ac0,4,200
0,R,0x80020b00,4,200
0,R,0x80020b40,4,200
0,R,0x80020b80,4,200
0,R,0x80020bc0,4,200
0,R,0x80020c00,4,200
0,R,0x80020c40,4,200
0,R,0x80020c80,4,200
0,R,0x80020cc0,4,200
0,R,0x80020d00,4,200
0,R,0x80020d40,4,200
0,R,0x80020d80,4,200
0,R,0x80020dc0,4,200
0,R,0x80020e00,4,200
0,R,0x80020e40,4,200
0,R,0x80020e80,4,200
0,R,0x80020ec0,4,200
0,R,0x80020f00,4,200
0,R,0x80020f40,4,200
0,R,0x80020f80,4,200
0,R,0x80020fc0,4,200
0,R,0x80021000,4,200
0,R,0x80021040,4,200
0,R,0x80021080,4,200
0,R,0x800210c0,4,200
0,R,0x80021100,4,200
0,R,0x80021140,4,200
0,R,0x80021180,4,200
0,R,0x800211c0,4,200
0,R,0x80021200,4,200
0,R,0x80021240,4,200
0,R,0x80021280,4,200
0,R,0x800212c0,4,200
0,R,0x80021300,4,200
0,R,0x80021340,4,200
0,R,0x80021380,4,200
0,R,0x800213c0,4,200
0,R,0x80021400,4,200
0,R,0x80021440,4,200
0,R,0x80021480,4,200
0,R,0x800214c0,4,200
0,R,0x80021500,4,200
0,R,0x80021540,4,200
0,R,0x80021580,4,200
0,R,0x800215c0,4,200
0,R,0x80021600,4,200
0,R,0x80021640,4,200
0,R,0x80021680,4,200
0,R,0x800216c0,4,200
0,R,0x80021700,4,200
0,R,0x80021740,4,200
0,R,0x80021780,4,200
0,R,0x800217c0,4,200
0,R,0x80021800,4,200
0,R,0x80021840,4,200
0,R,0x80021880,4,200
0,R,0x800218c0,4,200
0,R,0x80021900,4,200
0,R,0x80021940,4,200
0,R,0x80021980,4,200
0,R,0x800219c0,4,200
0,R,0x80021a00,4,200
0,R,0x80021a40,4,200
0,R,0x80021a80,4,200
0,R,0x80021ac0,4,200
0,R,0x80021b00,4,200
0,R,0x80021b40,4,200
0,R,0x80021b80,4,200
0,R,0x80021bc0,4,200
0,R,0x80021c00,4,200
0,R,0x80021c40,4,200
0,R,0x80021c80,4,200
0,R,0x80021cc0,4,200
0,R,0x80021d00,4,200
0,R,0x80021d40,4,200
0,R,0x80021d80,4,200
0,R,0x80021dc0,4,200
0,R,0x80021e00,4,200
0,R,0x80021e40,4,200
0,R,0x80021e80,4,200
0,R,0x80021ec0,4,200
0,R,0x80021f00,4,200
0,R,0x80021f40,4,200
0,R,0x80021f80,4,200
0,R,0x80021fc0,4,200
0,R,0x80022000,4,200
0,R,0x80022040,4,200
0,R,0x80022080,4,200
0,R,0x800220c0,4,200
0,R,0x80022100,4,200
0,R,0x80022140,4,200
0,R,0x80022180,4,200
0,R,0x800221c0,4,200
0,R,0x80022200,4,200
0,R,0x80022240,4,200
0,R,0x80022280,4,200
0,R,0x800222c0,4,200
0,R,0x80022300,4,200
0,R,0x80022340,4,200
0,R,0x80022380,4,200
0,R,0x800223c0,4,200
0,R,0x80022400,4,200
0,R,0x80022440,4,200
0,R,0x80022480,4,200
0,R,0x800224c0,4,200
0,R,0x80022500,4,200
0,R,0x80022540,4,200
0,R,0x80022580,4,200
0,R,0x800225c0,4,200
0,R,0x80022600,4,200
0,R,0x80022640,4,200
0,R,0x80022680,4,200
0,R,0x800226c0,4,200
0,R,0x80022700,4,200
0,R,0x80022740,4,200
0,R,0x80022780,4,200
0,R,0x800227c0,4,200
0,R,0x80022800,4,200
0,R,0x80022840,4,200
0,R,0x80022880,4,200
0,R,0x800228c0,4,200
0,R,0x80022900,4,200
0,R,0x80022940,4,200
0,R,0x80022980,4,200
0,R,0x800229c0,4,200
0,R,0x80022a00,4,200
0,R,0x80022a40,4,200
0,R,0x80022a80,4,200
0,R,0x80022ac0,4,200
0,R,0x80022b00,4,200
0,R,0x80022b40,4,200
0,R,0x80022b80,4,200
0,R,0x80022bc0,4,200
0,R,0x80022c00,4,200
0,R,0x80022c40,4,200
0,R,0x80022c80,4,200
0,R,0x80022cc0,4,200
0,R,0x80022d00,4,200
0,R,0x80022d40,4,200
0,R,0x80022d80,4,200
0,R,0x80022dc0,4,200
0,R,0x80022e00,4,200
0,R,0x80022e40,4,200
0,R,0x80022e80,4,200
0,R,0x80022ec0,4,200
0,R,0x80022f00,4,200
0,R,0x80022f40,4,200
0,R,0x80022f80,4,200
0,R,0x80022fc0,4,200
0,R,0x80023000,4,200
0,R,0x80023040,4,200
0,R,0x80023080,4,200
0,R,0x800230c0,4,200
0,R,0x80023100,4,200
0,R,0x80023140,4,200
0,R,0x80023180,4,200
0,R,0x800231c0,4,200
0,R,0x80023200,4,200
0,R,0x80023240,4,200
0,R,0x80023280,4,200
0,R,0x800232c0,4,200
0,R,0x80023300,4,200
0,R,0x80023340,4,200
0,R,0x80023380,4,200
0,R,0x800233c0,4,200
0,R,0x80023400,4,200
0,R,0x80023440,4,200
0,R,0x80023480,4,200
0,R,0x800234c0,4,200
0,R,0x80023500,4,200
0,R,0x80023540,4,200
0,R,0x80023580,4,200
0,R,0x800235c0,4,200
0,R,0x80023600,4,200
0,R,0x80023640,4,200
0,R,0x80023680,4,200
0,R,0x800236c0,4,200
0,R,0x80023700,4,200
0,R,0x80023740,4,200
0,R,0x80023780,4,200
0,R,0x800237c0,4,200
0,R,0x80023800,4,200
0,R,0x80023840,4,200
0,R,0x80023880,4,200
0,R,0x800238c0,4,200
0,R,0x80023900,4,200
0,R,0x80023940,4,200
0,R,0x80023980,4,200
0,R,0x800239c0,4,200
0,R,0x80023a00,4,200
0,R,0x80023a40,4,200
0,R,0x80023a80,4,200
0,R,0x80023ac0,4,200
0,R,0x80023b00,4,200
0,R,0x80023b40,4,200
0,R,0x80023b80,4,200
0,R,0x80023bc0,4,200
0,R,0x80023c00,4,200
0,R,0x80023c40,4,200
0,R,0x80023c80,4,200
0,R,0x80023cc0,4,200
0,R,0x80023d00,4,200
0,R,0x80023d40,4,200
0,R,0x80023d80,4,200
0,R,0x80023dc0,4,200
0,R,0x80023e00,4,200
0,R,0x80023e40,4,200
0,R,0x80023e80,4,200
0,R,0x80023ec0,4,200
0,R,0x80023f00,4,200
0,R,0x80023f40,4,200
0,R,0x80023f80,4,200
0,R,0x80023fc0,4,200
0,R,0x80024000,4,200
0,R,0x80024040,4,200
0,R,0x80024080,4,200
0,R,0x800240c0,4,200
0,R,0x80024100,4,200
0,R,0x80024140,4,200
0,R,0x80024180,4,200
0,R,0x800241c0,4,200
0,R,0x80024200,4,200
0,R,0x80024240,4,200
0,R,0x80024280,4,200
0,R,0x800242c0,4,200
0,R,0x80024300,4,200
0,R,0x80024340,4,200
0,R,0x80024380,4,200
0,R,0x800243c0,4,200
0,R,0x80024400,4,200
0,R,0x80024440,4,200
0,R,0x80024480,4,200
0,R,0x800244c0,4,200
0,R,0x80024500,4,200
0,R,0x80024540,4,200
0,R,0x80024580,4,200
0,R,0x800245c0,4,200
0,R,0x80024600,4,200
0,R,0x80024640,4,200
0,R,0x80024680,4,200
0,R,0x800246c0,4,200
0,R,0x80024700,4,200
0,R,0x80024740,4,200
0,R,0x80024780,4,200
0,R,0x800247c0,4,200
0,R,0x80024800,4,200
0,R,0x80024840,4,200
0,R,0x80024880,4,200
0,R,0x800248c0,4,200
0,R,0x80024900,4,200
0,R,0x80024940,4,200
0,R,0x80024980,4,200
0,R,0x800249c0,4,200
0,R,0x80024a00,4,200
0,R,0x80024a40,4,200
0,R,0x80024a80,4,200
0,R,0x80024ac0,4,200
0,R,0x80024b00,4,200
0,R,0x80024b40,4,200
0,R,0x80024b80,4,200
0,R,0x80024bc0,4,200
0,R,0x80024c00,4,200
0,R,0x80024c40,4,200
0,R,0x80024c80,4,200
0,R,0x80024cc0,4,200
0,R,0x80024d00,4,200
0,R,0x80024d40,4,200
0,R,0x80024d80,4,200
0,R,0x80024dc0,4,200
0,R,0x80024e00,4,200
0,R,0x80024e40,4,200
0,R,0x80024e80,4,200
0,R,0x80024ec0,4,200
0,R,0x80024f00,4,200
0,R,0x80024f40,4,200
0,R,0x80024f80,4,200
0,R,0x80024fc0,4,200
0,R,0x80025000,4,200
0,R,0x80025040,4,200
0,R,0x80025080,4,200
0,R,0x800250c0,4,200
0,R,0x80025100,4,200
0,R,0x80025140,4,200
0,R,0x80025180,4,200
0,R,0x800251c0,4,200
0,R,0x80025200,4,200
0,R,0x80025240,4,200
0,R,0x80025280,4,200
0,R,0x800252c0,4,200
0,R,0x80025300,4,200
0,R,0x80025340,4,200
0,R,0x80025380,4,200
0,R,0x800253c0,4,200
0,R,0x80025400,4,200
0,R,0x80025440,4,200
0,R,0x80025480,4,200
0,R,0x800254c0,4,200
0,R,0x80025500,4,200
0,R,0x80025540,4,200
0,R,0x80025580,4,200
0,R,0x800255c0,4,200
0,R,0x80025600,4,200
0,R,0x80025640,4,200
0,R,0x80025680,4,200
0,R,0x800256c0,4,200
0,R,0x80025700,4,200
0,R,0x80025740,4,200
0,R,0x80025780,4,200
0,R,0x800257c0,4,200
0,R,0x80025800,4,200
0,R,0x80025840,4,200
0,R,0x80025880,4,200
0,R,0x800258c0,4,200
0,R,0x80025900,4,200
0,R,0x80025940,4,200
0,R,0x80025980,4,200
0,R,0x800259c0,4,200
0,R,0x80025a00,4,200
0,R,0x80025a40,4,200
0,R,0x80025a80,4,200
0,R,0x80025ac0,4,200
0,R,0x80025b00,4,200
0,R,0x80025b40,4,200
0,R,0x80025b80,4,200
0,R,0x80025bc0,4,200
0,R,0x80025c00,4,200
0,R,0x80025c40,4,200
0,R,0x80025c80,4,200
0,R,0x80025cc0,4,200
0,R,0x80025d00,4,200
0,R,0x80025d40,4,200
0,R,0x80025d80,4,200
0,R,0x80025dc0,4,200
0,R,0x80025e00,4,200
0,R,0x80025e40,4,200
0,R,0x80025e80,4,200
0,R,0x80025ec0,4,200
0,R,0x80025f00,4,200
0,R,0x80025f40,4,200
0,R,0x80025f80,4,200
0,R,0x80025fc0,4,200
0,R,0x80026000,4,200
0,R,0x80026040,4,200
0,R,0x80026080,4,200
0,R,0x800260c0,4,200
0,R,0x80026100,4,200
0,R,0x80026140,4,200
0,R,0x80026180,4,200
0,R,0x800261c0,4,200
0,R,0x80026200,4,200
0,R,0x80026240,4,200
0,R,0x80026280,4,200
0,R,0x800262c0,4,200
0,R,0x80026300,4,200
0,R,0x80026340,4,200
0,R,0x80026380,4,200
0,R,0x800263c0,4,200
0,R,0x80026400,4,200
0,R,0x80026440,4,200
0,R,0x80026480,4,200
0,R,0x800264c0,4,200
0,R,0x80026500,4,200
0,R,0x80026540,4,200
0,R,0x80026580,4,200
0,R,0x800265c0,4,200
0,R,0x80026600,4,200
0,R,0x80026640,4,200
0,R,0x80026680,4,200
0,R,0x800266c0,4,200
0,R,0x80026700,4,200
0,R,0x80026740,4,200
0,R,0x80026780,4,200
0,R,0x800267c0,4,200
0,R,0x80026800,4,200
0,R,0x80026840,4,200
0,R,0x80026880,4,200
0,R,0x800268c0,4,200
0,R,0x80026900,4,200
0,R,0x80026940,4,200
0,R,0x80026980,4,200
0,R,0x800269c0,4,200
0,R,0x80026a00,4,200
0,R,0x80026a40,4,200
0,R,0x80026a80,4,200
0,R,0x80026ac0,4,200
0,R,0x80026b00,4,200
0,R,0x80026b40,4,200
0,R,0x80026b80,4,200
0,R,0x80026bc0,4,200
0,R,0x80026c00,4,200
0,R,0x80026c40,4,200
0,R,0x80026c80,4,200
0,R,0x80026cc0,4,200
0,R,0x80026d00,4,200
0,R,0x80026d40,4,200
0,R,0x80026d80,4,200
0,R,0x80026dc0,4,200
0,R,0x80026e00,4,200
0,R,0x80026e40,4,200
0,R,0x80026e80,4,200
0,R,0x80026ec0,4,200
0,R,0x80026f00,4,200
0,R,0x80026f40,4,200
0,R,0x80026f80,4,200
0,R,0x80026fc0,4,200
0,R,0x80027000,4,200
0,R,0x80027040,4,200
0,R,0x80027080,4,200
0,R,0x800270c0,4,200
0,R,0x80027100,4,200
0,R,0x80027140,4,200
0,R,0x80027180,4,200
0,R,0x800271c0,4,200
0,R,0x80027200,4,200
0,R,0x80027240,4,200
0,R,0x80027280,4,200
0,R,0x800272c0,4,200
0,R,0x80027300,4,200
0,R,0x80027340,4,200
0,R,0x80027380,4,200
0,R,0x800273c0,4,200
0,R,0x80027400,4,200
0,R,0x80027440,4,200
0,R,0x80027480,4,200
0,R,0x800274c0,4,200
0,R,0x80027500,4,200
0,R,0x80027540,4,200
0,R,0x80027580,4,200
0,R,0x800275c0,4,200
0,R,0x80027600,4,200
0,R,0x80027640,4,200
0,R,0x80027680,4,200
0,R,0x800276c0,4,200
0,R,0x80027700,4,200
0,R,0x80027740,4,200
0,R,0x80027780,4,200
0,R,0x800277c0,4,200
0,R,0x80027800,4,200
0,R,0x80027840,4,200
0,R,0x80027880,4,200
0,R,0x800278c0,4,200
0,R,0x80027900,4,200
0,R,0x80027940,4,200
0,R,0x80027980,4,200
0,R,0x800279c0,4,200
0,R,0x80027a00,4,200
0,R,0x80027a40,4,200
0,R,0x80027a80,4,200
0,R,0x80027ac0,4,200
0,R,0x80027b00,4,200
0,R,0x80027b40,4,200
0,R,0x80027b80,4,200
0,R,0x80027bc0,4,200
0,R,0x80027c00,4,200
0,R,0x80027c40,4,200
0,R,0x80027c80,4,200
0,R,0x80027cc0,4,200
0,R,0x80027d00,4,200
0,R,0x80027d40,4,200
0,R,0x80027d80,4,200
0,R,0x80027dc0,4,200
0,R,0x80027e00,4,200
0,R,0x80027e40,4,200
0,R,0x80027e80,4,200
0,R,0x80027ec0,4,200
0,R,0x80027f00,4,200
0,R,0x80027f40,4,200
0,R,0x80027f80,4,200
0,R,0x80027fc0,4,200
0,R,0x80028000,4,200
0,R,0x80028040,4,200
0,R,0x80028080,4,200
0,R,0x800280c0,4,200
0,R,0x80028100,4,200
0,R,0x80028140,4,200
0,R,0x80028180,4,200
0,R,0x800281c0,4,200
0,R,0x80028200,4,200
0,R,0x80028240,4,200
0,R,0x80028280,4,200
0,R,0x800282c0,4,200
0,R,0x80028300,4,200
0,R,0x80028340,4,200
0,R,0x80028380,4,200
0,R,0x800283c0,4,200
0,R,0x80028400,4,200
0,R,0x80028440,4,200
0,R,0x80028480,4,200
0,R,0x800284c0,4,200
0,R,0x80028500,4,200
0,R,0x80028540,4,200
0,R,0x80028580,4,200
0,R,0x800285c0,4,200
0,R,0x80028600,4,200
0,R,0x80028640,4,200
0,R,0x80028680,4,200
0,R,0x800286c0,4,200
0,R,0x80028700,4,200
0,R,0x80028740,4,200
0,R,0x80028780,4,200
0,R,0x800287c0,4,200
0,R,0x80028800,4,200
0,R,0x80028840,4,200
0,R,0x80028880,4,200
0,R,0x800288c0,4,200
0,R,0x80028900,4,200
0,R,0x80028940,4,200
0,R,0x80028980,4,200
0,R,0x800289c0,4,200
0,R,0x80028a00,4,200
0,R,0x80028a40,4,200
0,R,0x80028a80,4,200
0,R,0x80028ac0,4,200
0,R,0x80028b00,4,200
0,R,0x80028b40,4,200
0,R,0x80028b80,4,200
0,R,0x80028bc0,4,200
0,R,0x80028c00,4,200
0,R,0x80028c40,4,200
0,R,0x80028c80,4,200
0,R,0x80028cc0,4,200
0,R,0x80028d00,4,200
0,R,0x80028d40,4,200
0,R,0x80028d80,4,200
0,R,0x80028dc0,4,200
0,R,0x80028e00,4,200
0,R,0x80028e40,4,200
0,R,0x80028e80,4,200
0,R,0x80028ec0,4,200
0,R,0x80028f00,4,200
0,R,0x80028f40,4,200
0,R,0x80028f80,4,200
0,R,0x80028fc0,4,200
0,R,0x80029000,4,200
0,R,0x80029040,4,200
0,R,0x80029080,4,200
0,R,0x800290c0,4,200
0,R,0x80029100,4,200
0,R,0x80029140,4,200
0,R,0x80029180,4,200
0,R,0x800291c0,4,200
0,R,0x80029200,4,200
0,R,0x80029240,4,200
0,R,0x80029280,4,200
0,R,0x800292c0,4,200
0,R,0x80029300,4,200
0,R,0x80029340,4,200
0,R,0x80029380,4,200
0,R,0x800293c0,4,200
0,R,0x80029400,4,200
0,R,0x80029440,4,200
0,R,0x80029480,4,200
0,R,0x800294c0,4,200
0,R,0x80029500,4,200
0,R,0x80029540,4,200
0,R,0x80029580,4,200
0,R,0x800295c0,4,200
0,R,0x80029600,4,200
0,R,0x80029640,4,200
0,R,0x80029680,4,200
0,R,0x800296c0,4,200
0,R,0x80029700,4,200
0,R,0x80029740,4,200
0,R,0x80029780,4,200
0,R,0x800297c0,4,200
0,R,0x80029800,4,200
0,R,0x80029840,4,200
0,R,0x80029880,4,200
0,R,0x800298c0,4,200
0,R,0x80029900,4,200
0,R,0x80029940,4,200
0,R,0x80029980,4,200
0,R,0x800299c0,4,200
0,R,0x80029a00,4,200
0,R,0x80029a40,4,200
0,R,0x80029a80,4,200
0,R,0x80029ac0,4,200
0,R,0x80029b00,4,200
0,R,0x80029b40,4,200
0,R,0x80029b80,4,200
0,R,0x80029bc0,4,200
0,R,0x80029c00,4,200
0,R,0x80029c40,4,200
0,R,0x80029c80,4,200
0,R,0x80029cc0,4,200
0,R,0x80029d00,4,200
0,R,0x80029d40,4,200
0,R,0x80029d80,4,200
0,R,0x80029dc0,4,200
0,R,0x80029e00,4,200
0,R,0x80029e40,4,200
0,R,0x80029e80,4,200
0,R,0x80029ec0,4,200
0,R,0x80029f00,4,200
0,R,0x80029f40,4,200
0,R,0x80029f80,4,200
0,R,0x80029fc0,4,200
0,R,0x8002a000,4,200
0,R,0x8002a040,4,200
0,R,0x8002a080,4,200
0,R,0x8002a0c0,4,200
0,R,0x8002a100,4,200
0,R,0x8002a140,4,200
0,R,0x8002a180,4,200
0,R,0x8002a1c0,4,200
0,R,0x8002a200,4,200
0,R,0x8002a240,4,200
0,R,0x8002a280,4,200
0,R,0x8002a2c0,4,200
0,R,0x8002a300,4,200
0,R,0x8002a340,4,200
0,R,0x8002a380,4,200
0,R,0x8002a3c0,4,200
0,R,0x8002a400,4,200
0,R,0x8002a440,4,200
0,R,0x8002a480,4,200
0,R,0x8002a4c0,4,200
0,R,0x8002a500,4,200
0,R,0x8002a540,4,200
0,R,0x8002a580,4,200
0,R,0x8002a5c0,4,200
0,R,0x8002a600,4,200
0,R,0x8002a640,4,200
0,R,0x8002a680,4,200
0,R,0x8002a6c0,4,200
0,R,0x8002a700,4,200
0,R,0x8002a740,4,200
0,R,0x8002a780,4,200
0,R,0x8002a7c0,4,200
0,R,0x8002a800,4,200
0,R,0x8002a840,4,200
0,R,0x8002a880,4,200
0,R,0x8002a8c0,4,200
0,R,0x8002a900,4,200
0,R,0x8002a940,4,200
0,R,0x8002a980,4,200
0,R,0x8002a9c0,4,200
0,R,0x8002aa00,4,200
0,R,0x8002aa40,4,200
0,R,0x8002aa80,4,200
0,R,0x8002aac0,4,200
0,R,0x8002ab00,4,200
0,R,0x8002ab40,4,200
0,R,0x8002ab80,4,200
0,R,0x8002abc0,4,200
0,R,0x8002ac00,4,200
0,R,0x8002ac40,4,200
0,R,0x8002ac80,4,200
0,R,0x8002acc0,4,200
0,R,0x8002ad00,4,200
0,R,0x8002ad40,4,200
0,R,0x8002ad80,4,200
0,R,0x8002adc0,4,200
0,R,0x8002ae00,4,200
0,R,0x8002ae40,4,200
0,R,0x8002ae80,4,200
0,R,0x8002aec0,4,200
0,R,0x8002af00,4,200
0,R,0x8002af40,4,200
0,R,0x8002af80,4,200
0,R,0x8002afc0,4,200
0,R,0x8002b000,4,200
0,R,0x8002b040,4,200
0,R,0x8002b080,4,200
0,R,0x8002b0c0,4,200
0,R,0x8002b100,4,200
0,R,0x8002b140,4,200
0,R,0x8002b180,4,200
0,R,0x8002b1c0,4,200
0,R,0x8002b200,4,200
0,R,0x8002b240,4,200
0,R,0x8002b280,4,200
0,R,0x8002b2c0,4,200
0,R,0x8002b300,4,200
0,R,0x8002b340,4,200
0,R,0x8002b380,4,200
0,R,0x8002b3c0,4,200
0,R,0x8002b400,4,200
0,R,0x8002b440,4,200
0,R,0x8002b480,4,200
0,R,0x8002b4c0,4,200
0,R,0x8002b500,4,200
0,R,0x8002b540,4,200
0,R,0x8002b580,4,200
0,R,0x8002b5c0,4,200
0,R,0x8002b600,4,200
0,R,0x8002b640,4,200
0,R,0x8002b680,4,200
0,R,0x8002b6c0,4,200
0,R,0x8002b700,4,200
0,R,0x8002b740,4,200
0,R,0x8002b780,4,200
0,R,0x8002b7c0,4,200
0,R,0x8002b800,4,200
0,R,0x8002b840,4,200
0,R,0x8002b880,4,200
0,R,0x8002b8c0,4,200
0,R,0x8002b900,4,200
0,R,0x8002b940,4,200
0,R,0x8002b980,4,200
0,R,0x8002b9c0,4,200
0,R,0x8002ba00,4,200
0,R,0x8002ba40,4,200
0,R,0x8002ba80,4,200
0,R,0x8002bac0,4,200
0,R,0x8002bb00,4,200
0,R,0x8002bb40,4,200
0,R,0x8002bb80,4,200
0,R,0x8002bbc0,4,200
0,R,0x8002bc00,4,200
0,R,0x8002bc40,4,200
0,R,0x8002bc80,4,200
0,R,0x8002bcc0,4,200
0,R,0x8002bd00,4,200
0,R,0x8002bd40,4,200
0,R,0x8002bd80,4,200
0,R,0x8002bdc0,4,200
0,R,0x8002be00,4,200
0,R,0x8002be40,4,200
0,R,0x8002be80,4,200
0,R,0x8002bec0,4,200
0,R,0x8002bf00,4,200
0,R,0x8002bf40,4,200
0,R,0x8002bf80,4,200
0,R,0x8002bfc0,4,200
0,R,0x8002c000,4,200
0,R,0x8002c040,4,200
0,R,0x8002c080,4,200
0,R,0x8002c0c0,4,200
0,R,0x8002c100,4,200
0,R,0x8002c140,4,200
0,R,0x8002c180,4,200
0,R,0x8002c1c0,4,200
0,R,0x8002c200,4,200
0,R,0x8002c240,4,200
0,R,0x8002c280,4,200
0,R,0x8002c2c0,4,200
0,R,0x8002c300,4,200
0,R,0x8002c340,4,200
0,R,0x8002c380,4,200
0,R,0x8002c3c0,4,200
0,R,0x8002c400,4,200
0,R,0x8002c440,4,200
0,R,0x8002c480,4,200
0,R,0x8002c4c0,4,200
0,R,0x8002c500,4,200
0,R,0x8002c540,4,200
0,R,0x8002c580,4,200
0,R,0x8002c5c0,4,200
0,R,0x8002c600,4,200
0,R,0x8002c640,4,200
0,R,0x8002c680,4,200
0,R,0x8002c6c0,4,200
0,R,0x8002c700,4,200
0,R,0x8002c740,4,200
0,R,0x8002c780,4,200
0,R,0x8002c7c0,4,200
0,R,0x8002c800,4,200
0,R,0x8002c840,4,200
0,R,0x8002c880,4,200
0,R,0x8002c8c0,4,200
0,R,0x8002c900,4,200
0,R,0x8002c940,4,200
0,R,0x8002c980,4,200
0,R,0x8002c9c0,4,200
0,R,0x8002ca00,4,200
0,R,0x8002ca40,4,200
0,R,0x8002ca80,4,200
0,R,0x8002cac0,4,200
0,R,0x8002cb00,4,200
0,R,0x8002cb40,4,200
0,R,0x8002cb80,4,200
0,R,0x8002cbc0,4,200
0,R,0x8002cc00,4,200
0,R,0x8002cc40,4,200
0,R,0x8002cc80,4,200
0,R,0x8002ccc0,4,200
0,R,0x8002cd00,4,200
0,R,0x8002cd40,4,200
0,R,0x8002cd80,4,200
0,R,0x8002cdc0,4,200
0,R,0x8002ce00,4,200
0,R,0x8002ce40,4,200
0,R,0x8002ce80,4,200
0,R,0x8002cec0,4,200
0,R,0x8002cf00,4,200
0,R,0x8002cf40,4,200
0,R,0x8002cf80,4,200
0,R,0x8002cfc0,4,200
0,R,0x8002d000,4,200
0,R,0x8002d040,4,200
0,R,0x8002d080,4,200
0,R,0x8002d0c0,4,200
0,R,0x8002d100,4,200
0,R,0x8002d140,4,200
0,R,0x8002d180,4,200
0,R,0x8002d1c0,4,200
0,R,0x8002d200,4,200
0,R,0x8002d240,4,200
0,R,0x8002d280,4,200
0,R,0x8002d2c0,4,200
0,R,0x8002d300,4,200
0,R,0x8002d340,4,200
0,R,0x8002d380,4,200
0,R,0x8002d3c0,4,200
0,R,0x8002d400,4,200
0,R,0x8002d440,4,200
0,R,0x8002d480,4,200
0,R,0x8002d4c0,4,200
0,R,0x8002d500,4,200
0,R,0x8002d540,4,200
0,R,0x8002d580,4,200
0,R,0x8002d5c0,4,200
0,R,0x8002d600,4,200
0,R,0x8002d640,4,200
0,R,0x8002d680,4,200
0,R,0x8002d6c0,4,200
0,R,0x8002d700,4,200
0,R,0x8002d740,4,200
0,R,0x8002d780,4,200
0,R,0x8002d7c0,4,200
0,R,0x8002d800,4,200
0,R,0x8002d840,4,200
0,R,0x8002d880,4,200
0,R,0x8002d8c0,4,200
0,R,0x8002d900,4,200
0,R,0x8002d940,4,200
0,R,0x8002d980,4,200
0,R,0x8002d9c0,4,200
0,R,0x8002da00,4,200
0,R,0x8002da40,4,200
0,R,0x8002da80,4,200
0,R,0x8002dac0,4,200
0,R,0x8002db00,4,200
0,R,0x8002db40,4,200
0,R,0x8002db80,4,200
0,R,0x8002dbc0,4,200
0,R,0x8002dc00,4,200
0,R,0x8002dc40,4,200
0,R,0x8002dc80,4,200
0,R,0x8002dcc0,4,200
0,R,0x8002dd00,4,200
0,R,0x8002dd40,4,200
0,R,0x8002dd80,4,200
0,R,0x8002ddc0,4,200
0,R,0x8002de00,4,200
0,R,0x8002de40,4,200
0,R,0x8002de80,4,200
0,R,0x8002dec0,4,200
0,R,0x8002df00,4,200
0,R,0x8002df40,4,200
0,R,0x8002df80,4,200
0,R,0x8002dfc0,4,200
0,R,0x8002e000,4,200
0,R,0x8002e040,4,200
0,R,0x8002e080,4,200
0,R,0x8002e0c0,4,200
0,R,0x8002e100,4,200
0,R,0x8002e140,4,200
0,R,0x8002e180,4,200
0,R,0x8002e1c0,4,200
0,R,0x8002e200,4,200
0,R,0x8002e240,4,200
0,R,0x8002e280,4,200
0,R,0x8002e2c0,4,200
0,R,0x8002e300,4,200
0,R,0x8002e340,4,200
0,R,0x8002e380,4,200
0,R,0x8002e3c0,4,200
0,R,0x8002e400,4,200
0,R,0x8002e440,4,200
0,R,0x8002e480,4,200
0,R,0x8002e4c0,4,200
0,R,0x8002e500,4,200
0,R,0x8002e540,4,200
0,R,0x8002e580,4,200
0,R,0x8002e5c0,4,200
0,R,0x8002e600,4,200
0,R,0x8002e640,4,200
0,R,0x8002e680,4,200
0,R,0x8002e6c0,4,200
0,R,0x8002e700,4,200
0,R,0x8002e740,4,200
0,R,0x8002e780,4,200
0,R,0x8002e7c0,4,200
0,R,0x8002e800,4,200
0,R,0x8002e840,4,200
0,R,0x8002e880,4,200
0,R,0x8002e8c0,4,200
0,R,0x8002e900,4,200
0,R,0x8002e940,4,200
0,R,0x8002e980,4,200
0,R,0x8002e9c0,4,200
0,R,0x8002ea00,4,200
0,R,0x8002ea40,4,200
0,R,0x8002ea80,4,200
0,R,0x8002eac0,4,200
0,R,0x8002eb00,4,200
0,R,0x8002eb40,4,200
0,R,0x8002eb80,4,200
0,R,0x8002ebc0,4,200
0,R,0x8002ec00,4,200
0,R,0x8002ec40,4,200
0,R,0x8002ec80,4,200
0,R,0x8002ecc0,4,200
0,R,0x8002ed00,4,200
0,R,0x8002ed40,4,200
0,R,0x8002ed80,4,200
0,R,0x8002edc0,4,200
0,R,0x8002ee00,4,200
0,R,0x8002ee40,4,200
0,R,0x8002ee80,4,200
0,R,0x8002eec0,4,200
0,R,0x8002ef00,4,200
0,R,0x8002ef40,4,200
0,R,0x8002ef80,4,200
0,R,0x8002efc0,4,200
0,R,0x8002f000,4,200
0,R,0x8002f040,4,200
0,R,0x8002f080,4,200
0,R,0x8002f0c0,4,200
0,R,0x8002f100,4,200
0,R,0x8002f140,4,200
0,R,0x8002f180,4,200
0,R,0x8002f1c0,4,200
0,R,0x8002f200,4,200
0,R,0x8002f240,4,200
0,R,0x8002f280,4,200
0,R,0x8002f2c0,4,200
0,R,0x8002f300,4,200
0,R,0x8002f340,4,200
0,R,0x8002f380,4,200
0,R,0x8002f3c0,4,200
0,R,0x8002f400,4,200
0,R,0x8002f440,4,200
0,R,0x8002f480,4,200
0,R,0x8002f4c0,4,200
0,R,0x8002f500,4,200
0,R,0x8002f540,4,200
0,R,0x8002f580,4,200
0,R,0x8002f5c0,4,200
0,R,0x8002f600,4,200
0,R,0x8002f640,4,200
0,R,0x8002f680,4,200
0,R,0x8002f6c0,4,200
0,R,0x8002f700,4,200
0,R,0x8002f740,4,200
0,R,0x8002f780,4,200
0,R,0x8002f7c0,4,200
0,R,0x8002f800,4,200
0,R,0x8002f840,4,200
0,R,0x8002f880,4,200
0,R,0x8002f8c0,4,200
0,R,0x8002f900,4,200
0,R,0x8002f940,4,200
0,R,0x8002f980,4,200
0,R,0x8002f9c0,4,200
0,R,0x8002fa00,4,200
0,R,0x8002fa40,4,200
0,R,0x8002fa80,4,200
0,R,0x8002fac0,4,200
0,R,0x8002fb00,4,200
0,R,0x8002fb40,4,200
0,R,0x8002fb80,4,200
0,R,0x8002fbc0,4,200
0,R,0x8002fc00,4,200
0,R,0x8002fc40,4,200
0,R,0x8002fc80,4,200
0,R,0x8002fcc0,4,200
0,R,0x8002fd00,4,200
0,R,0x8002fd40,4,200
0,R,0x8002fd80,4,200
0,R,0x8002fdc0,4,200
0,R,0x8002fe00,4,200
0,R,0x8002fe40,4,200
0,R,0x8002fe80,4,200
0,R,0x8002fec0,4,200
0,R,0x8002ff00,4,200
0,R,0x8002ff40,4,200
0,R,0x8002ff80,4,200
0,R,0x8002ffc0,4,200
0,R,0x80030000,4,200
0,R,0x80030040,4,200
0,R,0x80030080,4,200
0,R,0x800300c0,4,200
0,R,0x80030100,4,200
0,R,0x80030140,4,200
0,R,0x80030180,4,200
0,R,0x800301c0,4,200
0,R,0x80030200,4,200
0,R,0x80030240,4,200
0,R,0x80030280,4,200
0,R,0x800302c0,4,200
0,R,0x80030300,4,200
0,R,0x80030340,4,200
0,R,0x80030380,4,200
0,R,0x800303c0,4,200
0,R,0x80030400,4,200
0,R,0x80030440,4,200
0,R,0x80030480,4,200
0,R,0x800304c0,4,200
0,R,0x80030500,4,200
0,R,0x80030540,4,200
0,R,0x80030580,4,200
0,R,0x800305c0,4,200
0,R,0x80030600,4,200
0,R,0x80030640,4,200
0,R,0x80030680,4,200
0,R,0x800306c0,4,200
0,R,0x80030700,4,200
0,R,0x80030740,4,200
0,R,0x80030780,4,200
0,R,0x800307c0,4,200
0,R,0x80030800,4,200
0,R,0x80030840,4,200
0,R,0x80030880,4,200
0,R,0x800308c0,4,200
0,R,0x80030900,4,200
0,R,0x80030940,4,200
0,R,0x80030980,4,200
0,R,0x800309c0,4,200
0,R,0x80030a00,4,200
0,R,0x80030a40,4,200
0,R,0x80030a80,4,200
0,R,0x80030ac0,4,200
0,R,0x80030b00,4,200
0,R,0x80030b40,4,200
0,R,0x80030b80,4,200
0,R,0x80030bc0,4,200
0,R,0x80030c00,4,200
0,R,0x80030c40,4,200
0,R,0x80030c80,4,200
0,R,0x80030cc0,4,200
0,R,0x80030d00,4,200
0,R,0x80030d40,4,200
0,R,0x80030d80,4,200
0,R,0x80030dc0,4,200
0,R,0x80030e00,4,200
0,R,0x80030e40,4,200
0,R,0x80030e80,4,200
0,R,0x80030ec0,4,200
0,R,0x80030f00,4,200
0,R,0x80030f40,4,200
0,R,0x80030f80,4,200
0,R,0x80030fc0,4,200
0,R,0x80031000,4,200
0,R,0x80031040,4,200
0,R,0x80031080,4,200
0,R,0x800310c0,4,200
0,R,0x80031100,4,200
0,R,0x80031140,4,200
0,R,0x80031180,4,200
0,R,0x800311c0,4,200
0,R,0x80031200,4,200
0,R,0x80031240,4,200
0,R,0x80031280,4,200
0,R,0x800312c0,4,200
0,R,0x80031300,4,200
0,R,0x80031340,4,200
0,R,0x80031380,4,200
0,R,0x800313c0,4,200
0,R,0x80031400,4,200
0,R,0x80031440,4,200
0,R,0x80031480,4,200
0,R,0x800314c0,4,200
0,R,0x80031500,4,200
0,R,0x80031540,4,200
0,R,0x80031580,4,200
0,R,0x800315c0,4,200
0,R,0x80031600,4,200
0,R,0x80031640,4,200
0,R,0x80031680,4,200
0,R,0x800316c0,4,200
0,R,0x80031700,4,200
0,R,0x80031740,4,200
0,R,0x80031780,4,200
0,R,0x800317c0,4,200
0,R,0x80031800,4,200
0,R,0x80031840,4,200
0,R,0x80031880,4,200
0,R,0x800318c0,4,200
0,R,0x80031900,4,200
0,R,0x80031940,4,200
0,R,0x80031980,4,200
0,R,0x800319c0,4,200
0,R,0x80031a00,4,200
0,R,0x80031a40,4,200
0,R,0x80031a80,4,200
0,R,0x80031ac0,4,200
0,R,0x80031b00,4,200
0,R,0x80031b40,4,200
0,R,0x80031b80,4,200
0,R,0x80031bc0,4,200
0,R,0x80031c00,4,200
0,R,0x80031c40,4,200
0,R,0x80031c80,4,200
0,R,0x80031cc0,4,200
0,R,0x80031d00,4,200
0,R,0x80031d40,4,200
0,R,0x80031d80,4,200
0,R,0x80031dc0,4,200
0,R,0x80031e00,4,200
0,R,0x80031e40,4,200
0,R,0x80031e80,4,200
0,R,0x80031ec0,4,200
0,R,0x80031f00,4,200
0,R,0x80031f40,4,200
0,R,0x80031f80,4,200
0,R,0x80031fc0,4,200
0,R,0x80032000,4,200
0,R,0x80032040,4,200
0,R,0x80032080,4,200
0,R,0x800320c0,4,200
0,R,0x80032100,4,200
0,R,0x80032140,4,200
0,R,0x80032180,4,200
0,R,0x800321c0,4,200
0,R,0x80032200,4,200
0,R,0x80032240,4,200
0,R,0x80032280,4,200
0,R,0x800322c0,4,200
0,R,0x80032300,4,200
0,R,0x80032340,4,200
0,R,0x80032380,4,200
0,R,0x800323c0,4,200
0,R,0x80032400,4,200
0,R,0x80032440,4,200
0,R,0x80032480,4,200
0,R,0x800324c0,4,200
0,R,0x80032500,4,200
0,R,0x80032540,4,200
0,R,0x80032580,4,200
0,R,0x800325c0,4,200
0,R,0x80032600,4,200
0,R,0x80032640,4,200
0,R,0x80032680,4,200
0,R,0x800326c0,4,200
0,R,0x80032700,4,200
0,R,0x80032740,4,200
0,R,0x80032780,4,200
0,R,0x800327c0,4,200
0,R,0x80032800,4,200
0,R,0x80032840,4,200
0,R,0x80032880,4,200
0,R,0x800328c0,4,200
0,R,0x80032900,4,200
0,R,0x80032940,4,200
0,R,0x80032980,4,200
0,R,0x800329c0,4,200
0,R,0x80032a00,4,200
0,R,0x80032a40,4,200
0,R,0x80032a80,4,200
0,R,0x80032ac0,4,200
0,R,0x80032b00,4,200
0,R,0x80032b40,4,200
0,R,0x80032b80,4,200
0,R,0x80032bc0,4,200
0,R,0x80032c00,4,200
0,R,0x80032c40,4,200
0,R,0x80032c80,4,200
0,R,0x80032cc0,4,200
0,R,0x80032d00,4,200
0,R,0x80032d40,4,200
0,R,0x80032d80,4,200
0,R,0x80032dc0,4,200
0,R,0x80032e00,4,200
0,R,0x80032e40,4,200
0,R,0x80032e80,4,200
0,R,0x80032ec0,4,200
0,R,0x80032f00,4,200
0,R,0x80032f40,4,200
0,R,0x80032f80,4,200
0,R,0x80032fc0,4,200
0,R,0x80033000,4,200
0,R,0x80033040,4,200
0,R,0x80033080,4,200
0,R,0x800330c0,4,200
0,R,0x80033100,4,200
0,R,0x80033140,4,200
0,R,0x80033180,4,200
0,R,0x800331c0,4,200
0,R,0x80033200,4,200
0,R,0x80033240,4,200
0,R,0x80033280,4,200
0,R,0x800332c0,4,200
0,R,0x80033300,4,200
0,R,0x80033340,4,200
0,R,0x80033380,4,200
0,R,0x800333c0,4,200
0,R,0x80033400,4,200
0,R,0x80033440,4,200
0,R,0x80033480,4,200
0,R,0x800334c0,4,200
0,R,0x80033500,4,200
0,R,0x80033540,4,200
0,R,0x80033580,4,200
0,R,0x800335c0,4,200
0,R,0x80033600,4,200
0,R,0x80033640,4,200
0,R,0x80033680,4,200
0,R,0x800336c0,4,200
0,R,0x80033700,4,200
0,R,0x80033740,4,200
0,R,0x80033780,4,200
0,R,0x800337c0,4,200
0,R,0x80033800,4,200
0,R,0x80033840,4,200
0,R,0x80033880,4,200
0,R,0x800338c0,4,200
0,R,0x80033900,4,200
0,R,0x80033940,4,200
0,R,0x80033980,4,200
0,R,0x800339c0,4,200
0,R,0x80033a00,4,200
0,R,0x80033a40,4,200
0,R,0x80033a80,4,200
0,R,0x80033ac0,4,200
0,R,0x80033b00,4,200
0,R,0x80033b40,4,200
0,R,0x80033b80,4,200
0,R,0x80033bc0,4,200
0,R,0x80033c00,4,200
0,R,0x80033c40,4,200
0,R,0x80033c80,4,200
0,R,0x80033cc0,4,200
0,R,0x80033d00,4,200
0,R,0x80033d40,4,200
0,R,0x80033d80,4,200
0,R,0x80033dc0,4,200
0,R,0x80033e00,4,200
0,R,0x80033e40,4,200
0,R,0x80033e80,4,200
0,R,0x80033ec0,4,200
0,R,0x80033f00,4,200
0,R,0x80033f40,4,200
0,R,0x80033f80,4,200
0,R,0x80033fc0,4,200
0,R,0x80034000,4,200
0,R,0x80034040,4,200
0,R,0x80034080,4,200
0,R,0x800340c0,4,200
0,R,0x80034100,4,200
0,R,0x80034140,4,200
0,R,0x80034180,4,200
0,R,0x800341c0,4,200
0,R,0x80034200,4,200
0,R,0x80034240,4,200
0,R,0x80034280,4,200
0,R,0x800342c0,4,200
0,R,0x80034300,4,200
0,R,0x80034340,4,200
0,R,0x80034380,4,200
0,R,0x800343c0,4,200
0,R,0x80034400,4,200
0,R,0x80034440,4,200
0,R,0x80034480,4,200
0,R,0x800344c0,4,200
0,R,0x80034500,4,200
0,R,0x80034540,4,200
0,R,0x80034580,4,200
0,R,0x800345c0,4,200
0,R,0x80034600,4,200
0,R,0x80034640,4,200
0,R,0x80034680,4,200
0,R,0x800346c0,4,200
0,R,0x80034700,4,200
0,R,0x80034740,4,200
0,R,0x80034780,4,200
0,R,0x800347c0,4,200
0,R,0x80034800,4,200
0,R,0x80034840,4,200
0,R,0x80034880,4,200
0,R,0x800348c0,4,200
0,R,0x80034900,4,200
0,R,0x80034940,4,200
0,R,0x80034980,4,200
0,R,0x800349c0,4,200
0,R,0x80034a00,4,200
0,R,0x80034a40,4,200
0,R,0x80034a80,4,200
0,R,0x80034ac0,4,200
0,R,0x80034b00,4,200
0,R,0x80034b40,4,200
0,R,0x80034b80,4,200
0,R,0x80034bc0,4,200
0,R,0x80034c00,4,200
0,R,0x80034c40,4,200
0,R,0x80034c80,4,200
0,R,0x80034cc0,4,200
0,R,0x80034d00,4,200
0,R,0x80034d40,4,200
0,R,0x80034d80,4,200
0,R,0x80034dc0,4,200
0,R,0x80034e00,4,200
0,R,0x80034e40,4,200
0,R,0x80034e80,4,200
0,R,0x80034ec0,4,200
0,R,0x80034f00,4,200
0,R,0x80034f40,4,200
0,R,0x80034f80,4,200
0,R,0x80034fc0,4,200
0,R,0x80035000,4,200
0,R,0x80035040,4,200
0,R,0x80035080,4,200
0,R,0x800350c0,4,200
0,R,0x80035100,4,200
0,R,0x80035140,4,200
0,R,0x80035180,4,200
0,R,0x800351c0,4,200
0,R,0x80035200,4,200
0,R,0x80035240,4,200
0,R,0x80035280,4,200
0,R,0x800352c0,4,200
0,R,0x80035300,4,200
0,R,0x80035340,4,200
0,R,0x80035380,4,200
0,R,0x800353c0,4,200
0,R,0x80035400,4,200
0,R,0x80035440,4,200
0,R,0x80035480,4,200
0,R,0x800354c0,4,200
0,R,0x80035500,4,200
0,R,0x80035540,4,200
0,R,0x80035580,4,200
0,R,0x800355c0,4,200
0,R,0x80035600,4,200
0,R,0x80035640,4,200
0,R,0x80035680,4,200
0,R,0x800356c0,4,200
0,R,0x80035700,4,200
0,R,0x80035740,4,200
0,R,0x80035780,4,200
0,R,0x800357c0,4,200
0,R,0x80035800,4,200
0,R,0x80035840,4,200
0,R,0x80035880,4,200
0,R,0x800358c0,4,200
0,R,0x80035900,4,200
0,R,0x80035940,4,200
0,R,0x80035980,4,200
0,R,0x800359c0,4,200
0,R,0x80035a00,4,200
0,R,0x80035a40,4,200
0,R,0x80035a80,4,200
0,R,0x80035ac0,4,200
0,R,0x80035b00,4,200
0,R,0x80035b40,4,200
0,R,0x80035b80,4,200
0,R,0x80035bc0,4,200
0,R,0x80035c00,4,200
0,R,0x80035c40,4,200
0,R,0x80035c80,4,200
0,R,0x80035cc0,4,200
0,R,0x80035d00,4,200
0,R,0x80035d40,4,200
0,R,0x80035d80,4,200
0,R,0x80035dc0,4,200
0,R,0x80035e00,4,200
0,R,0x80035e40,4,200
0,R,0x80035e80,4,200
0,R,0x80035ec0,4,200
0,R,0x80035f00,4,200
0,R,0x80035f40,4,200
0,R,0x80035f80,4,200
0,R,0x80035fc0,4,200
0,R,0x80036000,4,200
0,R,0x80036040,4,200
0,R,0x80036080,4,200
0,R,0x800360c0,4,200
0,R,0x80036100,4,200
0,R,0x80036140,4,200
0,R,0x80036180,4,200
0,R,0x800361c0,4,200
0,R,0x80036200,4,200
0,R,0x80036240,4,200
0,R,0x80036280,4,200
0,R,0x800362c0,4,200
0,R,0x80036300,4,200
0,R,0x80036340,4,200
0,R,0x80036380,4,200
0,R,0x800363c0,4,200
0,R,0x80036400,4,200
0,R,0x80036440,4,200
0,R,0x80036480,4,200
0,R,0x800364c0,4,200
0,R,0x80036500,4,200
0,R,0x80036540,4,200
0,R,0x80036580,4,200
0,R,0x800365c0,4,200
0,R,0x80036600,4,200
0,R,0x80036640,4,200
0,R,0x80036680,4,200
0,R,0x800366c0,4,200
0,R,0x80036700,4,200
0,R,0x80036740,4,200
0,R,0x80036780,4,200
0,R,0x800367c0,4,200
0,R,0x80036800,4,200
0,R,0x80036840,4,200
0,R,0x80036880,4,200
0,R,0x800368c0,4,200
0,R,0x80036900,4,200
0,R,0x80036940,4,200
0,R,0x80036980,4,200
0,R,0x800369c0,4,200
0,R,0x80036a00,4,200
0,R,0x80036a40,4,200
0,R,0x80036a80,4,200
0,R,0x80036ac0,4,200
0,R,0x80036b00,4,200
0,R,0x80036b40,4,200
0,R,0x80036b80,4,200
0,R,0x80036bc0,4,200
0,R,0x80036c00,4,200
0,R,0x80036c40,4,200
0,R,0x80036c80,4,200
0,R,0x80036cc0,4,200
0,R,0x80036d00,4,200
0,R,0x80036d40,4,200
0,R,0x80036d80,4,200
0,R,0x80036dc0,4,200
0,R,0x80036e00,4,200
0,R,0x80036e40,4,200
0,R,0x80036e80,4,200
0,R,0x80036ec0,4,200
0,R,0x80036f00,4,200
0,R,0x80036f40,4,200
0,R,0x80036f80,4,200
0,R,0x80036fc0,4,200
0,R,0x80037000,4,200
0,R,0x80037040,4,200
0,R,0x80037080,4,200
0,R,0x800370c0,4,200
0,R,0x80037100,4,200
0,R,0x80037140,4,200
0,R,0x80037180,4,200
0,R,0x800371c0,4,200
0,R,0x80037200,4,200
0,R,0x80037240,4,200
0,R,0x80037280,4,200
0,R,0x800372c0,4,200
0,R,0x80037300,4,200
0,R,0x80037340,4,200
0,R,0x80037380,4,200
0,R,0x800373c0,4,200
0,R,0x80037400,4,200
0,R,0x80037440,4,200
0,R,0x80037480,4,200
0,R,0x800374c0,4,200
0,R,0x80037500,4,200
0,R,0x80037540,4,200
0,R,0x80037580,4,200
0,R,0x800375c0,4,200
0,R,0x80037600,4,200
0,R,0x80037640,4,200
0,R,0x80037680,4,200
0,R,0x800376c0,4,200
0,R,0x80037700,4,200
0,R,0x80037740,4,200
0,R,0x80037780,4,200
0,R,0x800377c0,4,200
0,R,0x80037800,4,200
0,R,0x80037840,4,200
0,R,0x80037880,4,200
0,R,0x800378c0,4,200
0,R,0x80037900,4,200
0,R,0x80037940,4,200
0,R,0x80037980,4,200
0,R,0x800379c0,4,200
0,R,0x80037a00,4,200
0,R,0x80037a40,4,200
0,R,0x80037a80,4,200
0,R,0x80037ac0,4,200
0,R,0x80037b00,4,200
0,R,0x80037b40,4,200
0,R,0x80037b80,4,200
0,R,0x80037bc0,4,200
0,R,0x80037c00,4,200
0,R,0x80037c40,4,200
0,R,0x80037c80,4,200
0,R,0x80037cc0,4,200
0,R,0x80037d00,4,200
0,R,0x80037d40,4,200
0,R,0x80037d80,4,200
0,R,0x80037dc0,4,200
0,R,0x80037e00,4,200
0,R,0x80037e40,4,200
0,R,0x80037e80,4,200
0,R,0x80037ec0,4,200
0,R,0x80037f00,4,200
0,R,0x80037f40,4,200
0,R,0x80037f80,4,200
0,R,0x80037fc0,4,200
0,R,0x80038000,4,200
0,R,0x80038040,4,200
0,R,0x80038080,4,200
0,R,0x800380c0,4,200
0,R,0x80038100,4,200
0,R,0x80038140,4,200
0,R,0x80038180,4,200
0,R,0x800381c0,4,200
0,R,0x80038200,4,200
0,R,0x80038240,4,200
0,R,0x80038280,4,200
0,R,0x800382c0,4,200
0,R,0x80038300,4,200
0,R,0x80038340,4,200
0,R,0x80038380,4,200
0,R,0x800383c0,4,200
0,R,0x80038400,4,200
0,R,0x80038440,4,200
0,R,0x80038480,4,200
0,R,0x800384c0,4,200
0,R,0x80038500,4,200
0,R,0x80038540,4,200
0,R,0x80038580,4,200
0,R,0x800385c0,4,200
0,R,0x80038600,4,200
0,R,0x80038640,4,200
0,R,0x80038680,4,200
0,R,0x800386c0,4,200
0,R,0x80038700,4,200
0,R,0x80038740,4,200
0,R,0x80038780,4,200
0,R,0x800387c0,4,200
0,R,0x80038800,4,200
0,R,0x80038840,4,200
0,R,0x80038880,4,200
0,R,0x800388c0,4,200
0,R,0x80038900,4,200
0,R,0x80038940,4,200
0,R,0x80038980,4,200
0,R,0x800389c0,4,200
0,R,0x80038a00,4,200
0,R,0x80038a40,4,200
0,R,0x80038a80,4,200
0,R,0x80038ac0,4,200
0,R,0x80038b00,4,200
0,R,0x80038b40,4,200
0,R,0x80038b80,4,200
0,R,0x80038bc0,4,200
0,R,0x80038c00,4,200
0,R,0x80038c40,4,200
0,R,0x80038c80,4,200
0,R,0x80038cc0,4,200
0,R,0x80038d00,4,200
0,R,0x80038d40,4,200
0,R,0x80038d80,4,200
0,R,0x80038dc0,4,200
0,R,0x80038e00,4,200
0,R,0x80038e40,4,200
0,R,0x80038e80,4,200
0,R,0x80038ec0,4,200
0,R,0x80038f00,4,200
0,R,0x80038f40,4,200
0,R,0x80038f80,4,200
0,R,0x80038fc0,4,200
0,R,0x80039000,4,200
0,R,0x80039040,4,200
0,R,0x80039080,4,200
0,R,0x800390c0,4,200
0,R,0x80039100,4,200
0,R,0x80039140,4,200
0,R,0x80039180,4,200
0,R,0x800391c0,4,200
0,R,0x80039200,4,200
0,R,0x80039240,4,200
0,R,0x80039280,4,200
0,R,0x800392c0,4,200
0,R,0x80039300,4,200
0,R,0x80039340,4,200
0,R,0x80039380,4,200
0,R,0x800393c0,4,200
0,R,0x80039400,4,200
0,R,0x80039440,4,200
0,R,0x80039480,4,200
0,R,0x800394c0,4,200
0,R,0x80039500,4,200
0,R,0x80039540,4,200
0,R,0x80039580,4,200
0,R,0x800395c0,4,200
0,R,0x80039600,4,200
0,R,0x80039640,4,200
0,R,0x80039680,4,200
0,R,0x800396c0,4,200
0,R,0x80039700,4,200
0,R,0x80039740,4,200
0,R,0x80039780,4,200
0,R,0x800397c0,4,200
0,R,0x80039800,4,200
0,R,0x80039840,4,200
0,R,0x80039880,4,200
0,R,0x800398c0,4,200
0,R,0x80039900,4,200
0,R,0x80039940,4,200
0,R,0x80039980,4,200
0,R,0x800399c0,4,200
0,R,0x80039a00,4,200
0,R,0x80039a40,4,200
0,R,0x80039a80,4,200
0,R,0x80039ac0,4,200
0,R,0x80039b00,4,200
0,R,0x80039b40,4,200
0,R,0x80039b80,4,200
0,R,0x80039bc0,4,200
0,R,0x80039c00,4,200
0,R,0x80039c40,4,200
0,R,0x80039c80,4,200
0,R,0x80039cc0,4,200
0,R,0x80039d00,4,200
0,R,0x80039d40,4,200
0,R,0x80039d80,4,200
0,R,0x80039dc0,4,200
0,R,0x80039e00,4,200
0,R,0x80039e40,4,200
0,R,0x80039e80,4,200
0,R,0x80039ec0,4,200
0,R,0x80039f00,4,200
0,R,0x80039f40,4,200
0,R,0x80039f80,4,200
0,R,0x80039fc0,4,200
0,R,0x8003a000,4,200
0,R,0x8003a040,4,200
0,R,0x8003a080,4,200
0,R,0x8003a0c0,4,200
0,R,0x8003a100,4,200
0,R,0x8003a140,4,200
0,R,0x8003a180,4,200
0,R,0x8003a1c0,4,200
0,R,0x8003a200,4,200
0,R,0x8003a240,4,200
0,R,0x8003a280,4,200
0,R,0x8003a2c0,4,200
0,R,0x8003a300,4,200
0,R,0x8003a340,4,200
0,R,0x8003a380,4,200
0,R,0x8003a3c0,4,200
0,R,0x8003a400,4,200
0,R,0x8003a440,4,200
0,R,0x8003a480,4,200
0,R,0x8003a4c0,4,200
0,R,0x8003a500,4,200
0,R,0x8003a540,4,200
0,R,0x8003a580,4,200
0,R,0x8003a5c0,4,200
0,R,0x8003a600,4,200
0,R,0x8003a640,4,200
0,R,0x8003a680,4,200
0,R,0x8003a6c0,4,200
0,R,0x8003a700,4,200
0,R,0x8003a740,4,200
0,R,0x8003a780,4,200
0,R,0x8003a7c0,4,200
0,R,0x8003a800,4,200
0,R,0x8003a840,4,200
0,R,0x8003a880,4,200
0,R,0x8003a8c0,4,200
0,R,0x8003a900,4,200
0,R,0x8003a940,4,200
0,R,0x8003a980,4,200
0,R,0x8003a9c0,4,200
0,R,0x8003aa00,4,200
0,R,0x8003aa40,4,200
0,R,0x8003aa80,4,200
0,R,0x8003aac0,4,200
0,R,0x8003ab00,4,200
0,R,0x8003ab40,4,200
0,R,0x8003ab80,4,200
0,R,0x8003abc0,4,200
0,R,0x8003ac00,4,200
0,R,0x8003ac40,4,200
0,R,0x8003ac80,4,200
0,R,0x8003acc0,4,200
0,R,0x8003ad00,4,200
0,R,0x8003ad40,4,200
0,R,0x8003ad80,4,200
0,R,0x8003adc0,4,200
0,R,0x8003ae00,4,200
0,R,0x8003ae40,4,200
0,R,0x8003ae80,4,200
0,R,0x8003aec0,4,200
0,R,0x8003af00,4,200
0,R,0x8003af40,4,200
0,R,0x8003af80,4,200
0,R,0x8003afc0,4,200
0,R,0x8003b000,4,200
0,R,0x8003b040,4,200
0,R,0x8003b080,4,200
0,R,0x8003b0c0,4,200
0,R,0x8003b100,4,200
0,R,0x8003b140,4,200
0,R,0x8003b180,4,200
0,R,0x8003b1c0,4,200
0,R,0x8003b200,4,200
0,R,0x8003b240,4,200
0,R,0x8003b280,4,200
0,R,0x8003b2c0,4,200
0,R,0x8003b300,4,200
0,R,0x8003b340,4,200
0,R,0x8003b380,4,200
0,R,0x8003b3c0,4,200
0,R,0x8003b400,4,200
0,R,0x8003b440,4,200
0,R,0x8003b480,4,200
0,R,0x8003b4c0,4,200
0,R,0x8003b500,4,200
0,R,0x8003b540,4,200
0,R,0x8003b580,4,200
0,R,0x8003b5c0,4,200
0,R,0x8003b600,4,200
0,R,0x8003b640,4,200
0,R,0x8003b680,4,200
0,R,0x8003b6c0,4,200
0,R,0x8003b700,4,200
0,R,0x8003b740,4,200
0,R,0x8003b780,4,200
0,R,0x8003b7c0,4,200
0,R,0x8003b800,4,200
0,R,0x8003b840,4,200
0,R,0x8003b880,4,200
0,R,0x8003b8c0,4,200
0,R,0x8003b900,4,200
0,R,0x8003b940,4,200
0,R,0x8003b980,4,200
0,R,0x8003b9c0,4,200
0,R,0x8003ba00,4,200
0,R,0x8003ba40,4,200
0,R,0x8003ba80,4,200
0,R,0x8003bac0,4,200
0,R,0x8003bb00,4,200
0,R,0x8003bb40,4,200
0,R,0x8003bb80,4,200
0,R,0x8003bbc0,4,200
0,R,0x8003bc00,4,200
0,R,0x8003bc40,4,200
0,R,0x8003bc80,4,200
0,R,0x8003bcc0,4,200
0,R,0x8003bd00,4,200
0,R,0x8003bd40,4,200
0,R,0x8003bd80,4,200
0,R,0x8003bdc0,4,200
0,R,0x8003be00,4,200
0,R,0x8003be40,4,200
0,R,0x8003be80,4,200
0,R,0x8003bec0,4,200
0,R,0x8003bf00,4,200
0,R,0x8003bf40,4,200
0,R,0x8003bf80,4,200
0,R,0x8003bfc0,4,200
0,R,0x8003c000,4,200
0,R,0x8003c040,4,200
0,R,0x8003c080,4,200
0,R,0x8003c0c0,4,200
0,R,0x8003c100,4,200
0,R,0x8003c140,4,200
0,R,0x8003c180,4,200
0,R,0x8003c1c0,4,200
0,R,0x8003c200,4,200
0,R,0x8003c240,4,200
0,R,0x8003c280,4,200
0,R,0x8003c2c0,4,200
0,R,0x8003c300,4,200
0,R,0x8003c340,4,200
0,R,0x8003c380,4,200
0,R,0x8003c3c0,4,200
0,R,0x8003c400,4,200
0,R,0x8003c440,4,200
0,R,0x8003c480,4,200
0,R,0x8003c4c0,4,200
0,R,0x8003c500,4,200
0,R,0x8003c540,4,200
0,R,0x8003c580,4,200
0,R,0x8003c5c0,4,200
0,R,0x8003c600,4,200
0,R,0x8003c640,4,200
0,R,0x8003c680,4,200
0,R,0x8003c6c0,4,200
0,R,0x8003c700,4,200
0,R,0x8003c740,4,200
0,R,0x8003c780,4,200
0,R,0x8003c7c0,4,200
0,R,0x8003c800,4,200
0,R,0x8003c840,4,200
0,R,0x8003c880,4,200
0,R,0x8003c8c0,4,200
0,R,0x8003c900,4,200
0,R,0x8003c940,4,200
0,R,0x8003c980,4,200
0,R,0x8003c9c0,4,200
0,R,0x8003ca00,4,200
0,R,0x8003ca40,4,200
0,R,0x8003ca80,4,200
0,R,0x8003cac0,4,200
0,R,0x8003cb00,4,200
0,R,0x8003cb40,4,200
0,R,0x8003cb80,4,200
0,R,0x8003cbc0,4,200
0,R,0x8003cc00,4,200
0,R,0x8003cc40,4,200
0,R,0x8003cc80,4,200
0,R,0x8003ccc0,4,200
0,R,0x8003cd00,4,200
0,R,0x8003cd40,4,200
0,R,0x8003cd80,4,200
0,R,0x8003cdc0,4,200
0,R,0x8003ce00,4,200
0,R,0x8003ce40,4,200
0,R,0x8003ce80,4,200
0,R,0x8003cec0,4,200
0,R,0x8003cf00,4,200
0,R,0x8003cf40,4,200
0,R,0x8003cf80,4,200
0,R,0x8003cfc0,4,200
0,R,0x8003d000,4,200
0,R,0x8003d040,4,200
0,R,0x8003d080,4,200
0,R,0x8003d0c0,4,200
0,R,0x8003d100,4,200
0,R,0x8003d140,4,200
0,R,0x8003d180,4,200
0,R,0x8003d1c0,4,200
0,R,0x8003d200,4,200
0,R,0x8003d240,4,200
0,R,0x8003d280,4,200
0,R,0x8003d2c0,4,200
0,R,0x8003d300,4,200
0,R,0x8003d340,4,200
0,R,0x8003d380,4,200
0,R,0x8003d3c0,4,200
0,R,0x8003d400,4,200
0,R,0x8003d440,4,200
0,R,0x8003d480,4,200
0,R,0x8003d4c0,4,200
0,R,0x8003d500,4,200
0,R,0x8003d540,4,200
0,R,0x8003d580,4,200
0,R,0x8003d5c0,4,200
0,R,0x8003d600,4,200
0,R,0x8003d640,4,200
0,R,0x8003d680,4,200
0,R,0x8003d6c0,4,200
0,R,0x8003d700,4,200
0,R,0x8003d740,4,200
0,R,0x8003d780,4,200
0,R,0x8003d7c0,4,200
0,R,0x8003d800,4,200
0,R,0x8003d840,4,200
0,R,0x8003d880,4,200
0,R,0x8003d8c0,4,200
0,R,0x8003d900,4,200
0,R,0x8003d940,4,200
0,R,0x8003d980,4,200
0,R,0x8003d9c0,4,200
0,R,0x8003da00,4,200
0,R,0x8003da40,4,200
0,R,0x8003da80,4,200
0,R,0x8003dac0,4,200
0,R,0x8003db00,4,200
0,R,0x8003db40,4,200
0,R,0x8003db80,4,200
0,R,0x8003dbc0,4,200
0,R,0x8003dc00,4,200
0,R,0x8003dc40,4,200
0,R,0x8003dc80,4,200
0,R,0x8003dcc0,4,200
0,R,0x8003dd00,4,200
0,R,0x8003dd40,4,200
0,R,0x8003dd80,4,200
0,R,0x8003ddc0,4,200
0,R,0x8003de00,4,200
0,R,0x8003de40,4,200
0,R,0x8003de80,4,200
0,R,0x8003dec0,4,200
0,R,0x8003df00,4,200
0,R,0x8003df40,4,200
0,R,0x8003df80,4,200
0,R,0x8003dfc0,4,200
0,R,0x8003e000,4,200
0,R,0x8003e040,4,200
0,R,0x8003e080,4,200
0,R,0x8003e0c0,4,200
0,R,0x8003e100,4,200
0,R,0x8003e140,4,200
0,R,0x8003e180,4,200
0,R,0x8003e1c0,4,200
0,R,0x8003e200,4,200
0,R,0x8003e240,4,200
0,R,0x8003e280,4,200
0,R,0x8003e2c0,4,200
0,R,0x8003e300,4,200
0,R,0x8003e340,4,200
0,R,0x8003e380,4,200
0,R,0x8003e3c0,4,200
0,R,0x8003e400,4,200
0,R,0x8003e440,4,200
0,R,0x8003e480,4,200
0,R,0x8003e4c0,4,200
0,R,0x8003e500,4,200
0,R,0x8003e540,4,200
0,R,0x8003e580,4,200
0,R,0x8003e5c0,4,200
0,R,0x8003e600,4,200
0,R,0x8003e640,4,200
0,R,0x8003e680,4,200
0,R,0x8003e6c0,4,200
0,R,0x8003e700,4,200
0,R,0x8003e740,4,200
0,R,0x8003e780,4,200
0,R,0x8003e7c0,4,200
0,R,0x8003e800,4,200
0,R,0x8003e840,4,200
0,R,0x8003e880,4,200
0,R,0x8003e8c0,4,200
0,R,0x8003e900,4,200
0,R,0x8003e940,4,200
0,R,0x8003e980,4,200
0,R,0x8003e9c0,4,200
0,R,0x8003ea00,4,200
0,R,0x8003ea40,4,200
0,R,0x8003ea80,4,200
0,R,0x8003eac0,4,200
0,R,0x8003eb00,4,200
0,R,0x8003eb40,4,200
0,R,0x8003eb80,4,200
0,R,0x8003ebc0,4,200
0,R,0x8003ec00,4,200
0,R,0x8003ec40,4,200
0,R,0x8003ec80,4,200
0,R,0x8003ecc0,4,200
0,R,0x8003ed00,4,200
0,R,0x8003ed40,4,200
0,R,0x8003ed80,4,200
0,R,0x8003edc0,4,200
0,R,0x8003ee00,4,200
0,R,0x8003ee40,4,200
0,R,0x8003ee80,4,200
0,R,0x8003eec0,4,200
0,R,0x8003ef00,4,200
0,R,0x8003ef40,4,200
0,R,0x8003ef80,4,200
0,R,0x8003efc0,4,200
0,R,0x8003f000,4,200
0,R,0x8003f040,4,200
0,R,0x8003f080,4,200
0,R,0x8003f0c0,4,200
0,R,0x8003f100,4,200
0,R,0x8003f140,4,200
0,R,0x8003f180,4,200
0,R,0x8003f1c0,4,200
0,R,0x8003f200,4,200
0,R,0x8003f240,4,200
0,R,0x8003f280,4,200
0,R,0x8003f2c0,4,200
0,R,0x8003f300,4,200
0,R,0x8003f340,4,200
0,R,0x8003f380,4,200
0,R,0x8003f3c0,4,200
0,R,0x8003f400,4,200
0,R,0x8003f440,4,200
0,R,0x8003f480,4,200
0,R,0x8003f4c0,4,200
0,R,0x8003f500,4,200
0,R,0x8003f540,4,200
0,R,0x8003f580,4,200
0,R,0x8003f5c0,4,200
0,R,0x8003f600,4,200
0,R,0x8003f640,4,200
0,R,0x8003f680,4,200
0,R,0x8003f6c0,4,200
0,R,0x8003f700,4,200
0,R,0x8003f740,4,200
0,R,0x8003f780,4,200
0,R,0x8003f7c0,4,200
0,R,0x8003f800,4,200
0,R,0x8003f840,4,200
0,R,0x8003f880,4,200
0,R,0x8003f8c0,4,200
0,R,0x8003f900,4,200
0,R,0x8003f940,4,200
0,R,0x8003f980,4,200
0,R,0x8003f9c0,4,200
0,R,0x8003fa00,4,200
0,R,0x8003fa40,4,200
0,R,0x8003fa80,4,200
0,R,0x8003fac0,4,200
0,R,0x8003fb00,4,200
0,R,0x8003fb40,4,200
0,R,0x8003fb80,4,200
0,R,0x8003fbc0,4,200
0,R,0x8003fc00,4,200
0,R,0x8003fc40,4,200
0,R,0x8003fc80,4,200
0,R,0x8003fcc0,4,200
0,R,0x8003fd00,4,200
0,R,0x8003fd40,4,200
0,R,0x8003fd80,4,200
0,R,0x8003fdc0,4,200
0,R,0x8003fe00,4,200
0,R,0x8003fe40,4,200
0,R,0x8003fe80,4,200
0,R,0x8003fec0,4,200
0,R,0x8003ff00,4,200
0,R,0x8003ff40,4,200
0,R,0x8003ff80,4,200
0,R,0x8003ffc0,4,200
